id,category,question,answer,type,level,files
SYSTEM_HOSTNAME_TEXT,System_Inventory,[정상] p1 장비의 호스트네임은 무엇입니까?,p1,text,L1,['p1.cfg']
SYSTEM_HOSTNAME_TEXT,System_Inventory,[정상] leaf3 장비의 호스트네임은 무엇입니까?,leaf3,text,L1,['leaf3.cfg']
SYSTEM_HOSTNAME_TEXT,System_Inventory,[정상] leaf4 장비의 호스트네임은 무엇입니까?,leaf4,text,L1,['leaf4.cfg']
SYSTEM_HOSTNAME_TEXT,System_Inventory,[정상] pe2 장비의 호스트네임은 무엇입니까?,pe2,text,L1,['pe2.cfg']
SYSTEM_HOSTNAME_TEXT,System_Inventory,[정상] p4 장비의 호스트네임은 무엇입니까?,p4,text,L1,['p4.cfg']
SYSTEM_HOSTNAME_TEXT,System_Inventory,[정상] pe1 장비의 호스트네임은 무엇입니까?,pe1,text,L1,['pe1.cfg']
SYSTEM_HOSTNAME_TEXT,System_Inventory,[정상] leaf2 장비의 호스트네임은 무엇입니까?,leaf2,text,L1,['leaf2.cfg']
SYSTEM_HOSTNAME_TEXT,System_Inventory,[정상] p3 장비의 호스트네임은 무엇입니까?,p3,text,L1,['p3.cfg']
SYSTEM_HOSTNAME_TEXT,System_Inventory,[정상] leaf1 장비의 호스트네임은 무엇입니까?,leaf1,text,L1,['leaf1.cfg']
SYSTEM_HOSTNAME_TEXT,System_Inventory,[정상] p2 장비의 호스트네임은 무엇입니까?,p2,text,L1,['p2.cfg']
SYSTEM_VERSION_TEXT,System_Inventory,[정상] p1 장비의 운영체제(OS) 버전은 무엇입니까?,15.7,text,L1,['p1.cfg']
SYSTEM_VERSION_TEXT,System_Inventory,[정상] leaf2 장비의 운영체제(OS) 버전은 무엇입니까?,15.7,text,L1,['leaf2.cfg']
SYSTEM_VERSION_TEXT,System_Inventory,[정상] p4 장비의 운영체제(OS) 버전은 무엇입니까?,15.7,text,L1,['p4.cfg']
SYSTEM_VERSION_TEXT,System_Inventory,[정상] p2 장비의 운영체제(OS) 버전은 무엇입니까?,15.7,text,L1,['p2.cfg']
SYSTEM_VERSION_TEXT,System_Inventory,[정상] leaf4 장비의 운영체제(OS) 버전은 무엇입니까?,15.7,text,L1,['leaf4.cfg']
SYSTEM_VERSION_TEXT,System_Inventory,[정상] leaf3 장비의 운영체제(OS) 버전은 무엇입니까?,15.7,text,L1,['leaf3.cfg']
SYSTEM_VERSION_TEXT,System_Inventory,[정상] pe1 장비의 운영체제(OS) 버전은 무엇입니까?,15.7,text,L1,['pe1.cfg']
SYSTEM_VERSION_TEXT,System_Inventory,[정상] pe2 장비의 운영체제(OS) 버전은 무엇입니까?,15.7,text,L1,['pe2.cfg']
SYSTEM_VERSION_TEXT,System_Inventory,[정상] p3 장비의 운영체제(OS) 버전은 무엇입니까?,15.7,text,L1,['p3.cfg']
SYSTEM_VERSION_TEXT,System_Inventory,[정상] leaf1 장비의 운영체제(OS) 버전은 무엇입니까?,15.7,text,L1,['leaf1.cfg']
SYSTEM_USER_LIST,System_Inventory,[정상] pe1 장비에 등록된 로컬 사용자 목록을 알려주세요.,admin,set,L1,['pe1.cfg']
SYSTEM_USER_LIST,System_Inventory,[정상] p2 장비에 등록된 로컬 사용자 목록을 알려주세요.,admin,set,L1,['p2.cfg']
SYSTEM_USER_LIST,System_Inventory,[정상] leaf2 장비에 등록된 로컬 사용자 목록을 알려주세요.,admin,set,L1,['leaf2.cfg']
SYSTEM_USER_LIST,System_Inventory,[정상] leaf1 장비에 등록된 로컬 사용자 목록을 알려주세요.,admin,set,L1,['leaf1.cfg']
SYSTEM_USER_LIST,System_Inventory,[정상] p1 장비에 등록된 로컬 사용자 목록을 알려주세요.,admin,set,L1,['p1.cfg']
SYSTEM_USER_LIST,System_Inventory,[정상] leaf3 장비에 등록된 로컬 사용자 목록을 알려주세요.,admin,set,L1,['leaf3.cfg']
SYSTEM_USER_LIST,System_Inventory,[정상] leaf4 장비에 등록된 로컬 사용자 목록을 알려주세요.,admin,set,L1,['leaf4.cfg']
SYSTEM_USER_LIST,System_Inventory,[정상] pe2 장비에 등록된 로컬 사용자 목록을 알려주세요.,admin,set,L1,['pe2.cfg']
SYSTEM_USER_LIST,System_Inventory,[정상] p4 장비에 등록된 로컬 사용자 목록을 알려주세요.,admin,set,L1,['p4.cfg']
SYSTEM_USER_LIST,System_Inventory,[정상] p3 장비에 등록된 로컬 사용자 목록을 알려주세요.,admin,set,L1,['p3.cfg']
SYSTEM_USER_COUNT,System_Inventory,[정상] leaf1 장비에 등록된 로컬 사용자는 총 몇 명입니까?,1,numeric,L1,['leaf1.cfg']
SYSTEM_USER_COUNT,System_Inventory,[정상] pe2 장비에 등록된 로컬 사용자는 총 몇 명입니까?,1,numeric,L1,['pe2.cfg']
SYSTEM_USER_COUNT,System_Inventory,[정상] leaf2 장비에 등록된 로컬 사용자는 총 몇 명입니까?,1,numeric,L1,['leaf2.cfg']
SYSTEM_USER_COUNT,System_Inventory,[정상] pe1 장비에 등록된 로컬 사용자는 총 몇 명입니까?,1,numeric,L1,['pe1.cfg']
SYSTEM_USER_COUNT,System_Inventory,[정상] p3 장비에 등록된 로컬 사용자는 총 몇 명입니까?,1,numeric,L1,['p3.cfg']
SYSTEM_USER_COUNT,System_Inventory,[정상] leaf3 장비에 등록된 로컬 사용자는 총 몇 명입니까?,1,numeric,L1,['leaf3.cfg']
SYSTEM_USER_COUNT,System_Inventory,[정상] leaf4 장비에 등록된 로컬 사용자는 총 몇 명입니까?,1,numeric,L1,['leaf4.cfg']
SYSTEM_USER_COUNT,System_Inventory,[정상] p1 장비에 등록된 로컬 사용자는 총 몇 명입니까?,1,numeric,L1,['p1.cfg']
SYSTEM_USER_COUNT,System_Inventory,[정상] p2 장비에 등록된 로컬 사용자는 총 몇 명입니까?,1,numeric,L1,['p2.cfg']
SYSTEM_USER_COUNT,System_Inventory,[정상] p4 장비에 등록된 로컬 사용자는 총 몇 명입니까?,1,numeric,L1,['p4.cfg']
INTERFACE_STATUS_MAP,System_Inventory,[정상] pe2 장비의 각 인터페이스 상태를 알려주세요.,"{'GigabitEthernet0/0': 'up', 'GigabitEthernet0/1': 'up', 'GigabitEthernet0/2': 'up', 'GigabitEthernet0/3': 'up', 'Loopback0': 'up'}",map,L1,['pe2.cfg']
INTERFACE_STATUS_MAP,System_Inventory,[정상] leaf3 장비의 각 인터페이스 상태를 알려주세요.,"{'GigabitEthernet0/0': 'up', 'GigabitEthernet0/1': 'down', 'GigabitEthernet0/2': 'up', 'GigabitEthernet0/3': 'down'}",map,L1,['leaf3.cfg']
INTERFACE_STATUS_MAP,System_Inventory,[정상] p3 장비의 각 인터페이스 상태를 알려주세요.,"{'GigabitEthernet0/0': 'up', 'GigabitEthernet0/1': 'up', 'GigabitEthernet0/2': 'up', 'GigabitEthernet0/3': 'up', 'Loopback0': 'up'}",map,L1,['p3.cfg']
INTERFACE_STATUS_MAP,System_Inventory,[정상] p4 장비의 각 인터페이스 상태를 알려주세요.,"{'GigabitEthernet0/0': 'up', 'GigabitEthernet0/1': 'up', 'GigabitEthernet0/2': 'up', 'GigabitEthernet0/3': 'down', 'Loopback0': 'up'}",map,L1,['p4.cfg']
INTERFACE_STATUS_MAP,System_Inventory,[정상] leaf4 장비의 각 인터페이스 상태를 알려주세요.,"{'GigabitEthernet0/0': 'up', 'GigabitEthernet0/1': 'down', 'GigabitEthernet0/2': 'up', 'GigabitEthernet0/3': 'down'}",map,L1,['leaf4.cfg']
INTERFACE_STATUS_MAP,System_Inventory,[정상] leaf1 장비의 각 인터페이스 상태를 알려주세요.,"{'GigabitEthernet0/0': 'up', 'GigabitEthernet0/1': 'up', 'GigabitEthernet0/2': 'up', 'GigabitEthernet0/3': 'up'}",map,L1,['leaf1.cfg']
INTERFACE_STATUS_MAP,System_Inventory,[정상] p1 장비의 각 인터페이스 상태를 알려주세요.,"{'GigabitEthernet0/0': 'up', 'GigabitEthernet0/1': 'up', 'GigabitEthernet0/2': 'up', 'GigabitEthernet0/3': 'down', 'Loopback0': 'up'}",map,L1,['p1.cfg']
INTERFACE_STATUS_MAP,System_Inventory,[정상] leaf2 장비의 각 인터페이스 상태를 알려주세요.,"{'GigabitEthernet0/0': 'up', 'GigabitEthernet0/1': 'down', 'GigabitEthernet0/2': 'up', 'GigabitEthernet0/3': 'up'}",map,L1,['leaf2.cfg']
INTERFACE_STATUS_MAP,System_Inventory,[정상] p2 장비의 각 인터페이스 상태를 알려주세요.,"{'GigabitEthernet0/0': 'up', 'GigabitEthernet0/1': 'up', 'GigabitEthernet0/2': 'up', 'GigabitEthernet0/3': 'up', 'Loopback0': 'up'}",map,L1,['p2.cfg']
INTERFACE_STATUS_MAP,System_Inventory,[정상] pe1 장비의 각 인터페이스 상태를 알려주세요.,"{'GigabitEthernet0/0': 'up', 'GigabitEthernet0/1': 'up', 'GigabitEthernet0/2': 'up', 'GigabitEthernet0/3': 'up', 'Loopback0': 'up'}",map,L1,['pe1.cfg']
ROUTING_TABLE_ENTRY_COUNT,System_Inventory,[정상] leaf3 장비의 라우팅 테이블 엔트리는 총 몇 개입니까?,4,number,L1,['leaf3.cfg']
ROUTING_TABLE_ENTRY_COUNT,System_Inventory,[정상] leaf4 장비의 라우팅 테이블 엔트리는 총 몇 개입니까?,4,number,L1,['leaf4.cfg']
ROUTING_TABLE_ENTRY_COUNT,System_Inventory,[정상] leaf2 장비의 라우팅 테이블 엔트리는 총 몇 개입니까?,4,number,L1,['leaf2.cfg']
ROUTING_TABLE_ENTRY_COUNT,System_Inventory,[정상] pe1 장비의 라우팅 테이블 엔트리는 총 몇 개입니까?,5,number,L1,['pe1.cfg']
ROUTING_TABLE_ENTRY_COUNT,System_Inventory,[정상] p1 장비의 라우팅 테이블 엔트리는 총 몇 개입니까?,5,number,L1,['p1.cfg']
ROUTING_TABLE_ENTRY_COUNT,System_Inventory,[정상] pe2 장비의 라우팅 테이블 엔트리는 총 몇 개입니까?,5,number,L1,['pe2.cfg']
ROUTING_TABLE_ENTRY_COUNT,System_Inventory,[정상] p2 장비의 라우팅 테이블 엔트리는 총 몇 개입니까?,5,number,L1,['p2.cfg']
ROUTING_TABLE_ENTRY_COUNT,System_Inventory,[정상] p3 장비의 라우팅 테이블 엔트리는 총 몇 개입니까?,5,number,L1,['p3.cfg']
ROUTING_TABLE_ENTRY_COUNT,System_Inventory,[정상] leaf1 장비의 라우팅 테이블 엔트리는 총 몇 개입니까?,4,number,L1,['leaf1.cfg']
ROUTING_TABLE_ENTRY_COUNT,System_Inventory,[정상] p4 장비의 라우팅 테이블 엔트리는 총 몇 개입니까?,5,number,L1,['p4.cfg']
SSH_PRESENT_BOOL,Security_Inventory,[정상] leaf1 장비의 SSH 버전과 활성화 상태를 알려주세요. [답변 형식: 'SSHv1' / 'SSHv2' / '비활성화'],SSHv2,text,L1,['leaf1.cfg']
SSH_PRESENT_BOOL,Security_Inventory,[정상] pe2 장비의 SSH 버전과 활성화 상태를 알려주세요. [답변 형식: 'SSHv1' / 'SSHv2' / '비활성화'],SSHv2,text,L1,['pe2.cfg']
SSH_PRESENT_BOOL,Security_Inventory,[정상] p4 장비의 SSH 버전과 활성화 상태를 알려주세요. [답변 형식: 'SSHv1' / 'SSHv2' / '비활성화'],SSHv2,text,L1,['p4.cfg']
SSH_PRESENT_BOOL,Security_Inventory,[정상] leaf4 장비의 SSH 버전과 활성화 상태를 알려주세요. [답변 형식: 'SSHv1' / 'SSHv2' / '비활성화'],SSHv2,text,L1,['leaf4.cfg']
SSH_PRESENT_BOOL,Security_Inventory,[정상] p3 장비의 SSH 버전과 활성화 상태를 알려주세요. [답변 형식: 'SSHv1' / 'SSHv2' / '비활성화'],SSHv2,text,L1,['p3.cfg']
SSH_PRESENT_BOOL,Security_Inventory,[정상] p1 장비의 SSH 버전과 활성화 상태를 알려주세요. [답변 형식: 'SSHv1' / 'SSHv2' / '비활성화'],SSHv2,text,L1,['p1.cfg']
SSH_PRESENT_BOOL,Security_Inventory,[정상] pe1 장비의 SSH 버전과 활성화 상태를 알려주세요. [답변 형식: 'SSHv1' / 'SSHv2' / '비활성화'],SSHv2,text,L1,['pe1.cfg']
SSH_PRESENT_BOOL,Security_Inventory,[정상] leaf3 장비의 SSH 버전과 활성화 상태를 알려주세요. [답변 형식: 'SSHv1' / 'SSHv2' / '비활성화'],SSHv2,text,L1,['leaf3.cfg']
SSH_PRESENT_BOOL,Security_Inventory,[정상] leaf2 장비의 SSH 버전과 활성화 상태를 알려주세요. [답변 형식: 'SSHv1' / 'SSHv2' / '비활성화'],SSHv2,text,L1,['leaf2.cfg']
SSH_PRESENT_BOOL,Security_Inventory,[정상] p2 장비의 SSH 버전과 활성화 상태를 알려주세요. [답변 형식: 'SSHv1' / 'SSHv2' / '비활성화'],SSHv2,text,L1,['p2.cfg']
SSH_VERSION_TEXT,Security_Inventory,[정상] pe2 장비의 SSH 버전은 무엇입니까?,2,text,L1,['pe2.cfg']
SSH_VERSION_TEXT,Security_Inventory,[정상] pe1 장비의 SSH 버전은 무엇입니까?,2,text,L1,['pe1.cfg']
SSH_VERSION_TEXT,Security_Inventory,[정상] p2 장비의 SSH 버전은 무엇입니까?,2,text,L1,['p2.cfg']
SSH_VERSION_TEXT,Security_Inventory,[정상] p3 장비의 SSH 버전은 무엇입니까?,2,text,L1,['p3.cfg']
SSH_VERSION_TEXT,Security_Inventory,[정상] leaf3 장비의 SSH 버전은 무엇입니까?,2,text,L1,['leaf3.cfg']
SSH_VERSION_TEXT,Security_Inventory,[정상] p4 장비의 SSH 버전은 무엇입니까?,2,text,L1,['p4.cfg']
SSH_VERSION_TEXT,Security_Inventory,[정상] p1 장비의 SSH 버전은 무엇입니까?,2,text,L1,['p1.cfg']
SSH_VERSION_TEXT,Security_Inventory,[정상] leaf4 장비의 SSH 버전은 무엇입니까?,2,text,L1,['leaf4.cfg']
SSH_VERSION_TEXT,Security_Inventory,[정상] leaf1 장비의 SSH 버전은 무엇입니까?,2,text,L1,['leaf1.cfg']
SSH_VERSION_TEXT,Security_Inventory,[정상] leaf2 장비의 SSH 버전은 무엇입니까?,2,text,L1,['leaf2.cfg']
AAA_PRESENT_BOOL,Security_Inventory,[정상] leaf4 장비의 AAA 인증 방식을 알려주세요. [답변 형식: 'TACACS+' / 'RADIUS' / 'Local' / '미설정'],미설정,text,L1,['leaf4.cfg']
AAA_PRESENT_BOOL,Security_Inventory,[정상] p1 장비의 AAA 인증 방식을 알려주세요. [답변 형식: 'TACACS+' / 'RADIUS' / 'Local' / '미설정'],미설정,text,L1,['p1.cfg']
AAA_PRESENT_BOOL,Security_Inventory,[정상] leaf1 장비의 AAA 인증 방식을 알려주세요. [답변 형식: 'TACACS+' / 'RADIUS' / 'Local' / '미설정'],미설정,text,L1,['leaf1.cfg']
AAA_PRESENT_BOOL,Security_Inventory,[정상] p4 장비의 AAA 인증 방식을 알려주세요. [답변 형식: 'TACACS+' / 'RADIUS' / 'Local' / '미설정'],미설정,text,L1,['p4.cfg']
AAA_PRESENT_BOOL,Security_Inventory,[정상] p3 장비의 AAA 인증 방식을 알려주세요. [답변 형식: 'TACACS+' / 'RADIUS' / 'Local' / '미설정'],미설정,text,L1,['p3.cfg']
AAA_PRESENT_BOOL,Security_Inventory,[정상] leaf3 장비의 AAA 인증 방식을 알려주세요. [답변 형식: 'TACACS+' / 'RADIUS' / 'Local' / '미설정'],미설정,text,L1,['leaf3.cfg']
AAA_PRESENT_BOOL,Security_Inventory,[정상] pe2 장비의 AAA 인증 방식을 알려주세요. [답변 형식: 'TACACS+' / 'RADIUS' / 'Local' / '미설정'],미설정,text,L1,['pe2.cfg']
AAA_PRESENT_BOOL,Security_Inventory,[정상] leaf2 장비의 AAA 인증 방식을 알려주세요. [답변 형식: 'TACACS+' / 'RADIUS' / 'Local' / '미설정'],미설정,text,L1,['leaf2.cfg']
AAA_PRESENT_BOOL,Security_Inventory,[정상] p2 장비의 AAA 인증 방식을 알려주세요. [답변 형식: 'TACACS+' / 'RADIUS' / 'Local' / '미설정'],미설정,text,L1,['p2.cfg']
AAA_PRESENT_BOOL,Security_Inventory,[정상] pe1 장비의 AAA 인증 방식을 알려주세요. [답변 형식: 'TACACS+' / 'RADIUS' / 'Local' / '미설정'],미설정,text,L1,['pe1.cfg']
INTERFACE_COUNT,Interface_Inventory,[정상] p2 장비에 설정된 네트워크 인터페이스는 총 몇 개입니까?,5,numeric,L1,['p2.cfg']
INTERFACE_COUNT,Interface_Inventory,[정상] pe1 장비에 설정된 네트워크 인터페이스는 총 몇 개입니까?,5,numeric,L1,['pe1.cfg']
INTERFACE_COUNT,Interface_Inventory,[정상] leaf1 장비에 설정된 네트워크 인터페이스는 총 몇 개입니까?,4,numeric,L1,['leaf1.cfg']
INTERFACE_COUNT,Interface_Inventory,[정상] p1 장비에 설정된 네트워크 인터페이스는 총 몇 개입니까?,5,numeric,L1,['p1.cfg']
INTERFACE_COUNT,Interface_Inventory,[정상] leaf3 장비에 설정된 네트워크 인터페이스는 총 몇 개입니까?,4,numeric,L1,['leaf3.cfg']
INTERFACE_COUNT,Interface_Inventory,[정상] p3 장비에 설정된 네트워크 인터페이스는 총 몇 개입니까?,5,numeric,L1,['p3.cfg']
INTERFACE_COUNT,Interface_Inventory,[정상] leaf2 장비에 설정된 네트워크 인터페이스는 총 몇 개입니까?,4,numeric,L1,['leaf2.cfg']
INTERFACE_COUNT,Interface_Inventory,[정상] p4 장비에 설정된 네트워크 인터페이스는 총 몇 개입니까?,5,numeric,L1,['p4.cfg']
INTERFACE_COUNT,Interface_Inventory,[정상] pe2 장비에 설정된 네트워크 인터페이스는 총 몇 개입니까?,5,numeric,L1,['pe2.cfg']
INTERFACE_COUNT,Interface_Inventory,[정상] leaf4 장비에 설정된 네트워크 인터페이스는 총 몇 개입니까?,4,numeric,L1,['leaf4.cfg']
INTERFACE_IP_MAP,Interface_Inventory,[정상] pe2 장비의 각 인터페이스에 할당된 IP 주소를 알려주세요.,"{'GigabitEthernet0/0': '10.0.1.3/31', 'GigabitEthernet0/1': '172.16.3.1/24', 'GigabitEthernet0/2': '172.16.4.1/24', 'GigabitEthernet0/3': '10.10.10.22/24', 'Loopback0': '10.255.0.12/32'}",map,L1,['pe2.cfg']
INTERFACE_IP_MAP,Interface_Inventory,[정상] p4 장비의 각 인터페이스에 할당된 IP 주소를 알려주세요.,"{'GigabitEthernet0/0': '10.0.0.5/31', 'GigabitEthernet0/1': '10.0.0.6/31', 'GigabitEthernet0/2': '10.10.10.14/24', 'GigabitEthernet0/3': '', 'Loopback0': '10.255.0.4/32'}",map,L1,['p4.cfg']
INTERFACE_IP_MAP,Interface_Inventory,[정상] leaf3 장비의 각 인터페이스에 할당된 IP 주소를 알려주세요.,"{'GigabitEthernet0/0': '172.16.3.2/24', 'GigabitEthernet0/1': '', 'GigabitEthernet0/2': '10.10.10.33/24', 'GigabitEthernet0/3': ''}",map,L1,['leaf3.cfg']
INTERFACE_IP_MAP,Interface_Inventory,[정상] p1 장비의 각 인터페이스에 할당된 IP 주소를 알려주세요.,"{'GigabitEthernet0/0': '10.0.0.0/31', 'GigabitEthernet0/1': '10.0.0.7/31', 'GigabitEthernet0/2': '10.10.10.11/24', 'GigabitEthernet0/3': '', 'Loopback0': '10.255.0.1/32'}",map,L1,['p1.cfg']
INTERFACE_IP_MAP,Interface_Inventory,[정상] leaf2 장비의 각 인터페이스에 할당된 IP 주소를 알려주세요.,"{'GigabitEthernet0/0': '172.16.2.2/24', 'GigabitEthernet0/1': '', 'GigabitEthernet0/2': '10.10.2.1/24', 'GigabitEthernet0/3': '10.10.10.32/24'}",map,L1,['leaf2.cfg']
INTERFACE_IP_MAP,Interface_Inventory,[정상] pe1 장비의 각 인터페이스에 할당된 IP 주소를 알려주세요.,"{'GigabitEthernet0/0': '10.0.1.1/31', 'GigabitEthernet0/1': '172.16.1.1/24', 'GigabitEthernet0/2': '172.16.2.1/24', 'GigabitEthernet0/3': '10.10.10.21/24', 'Loopback0': '10.255.0.11/32'}",map,L1,['pe1.cfg']
INTERFACE_IP_MAP,Interface_Inventory,[정상] p2 장비의 각 인터페이스에 할당된 IP 주소를 알려주세요.,"{'GigabitEthernet0/0': '10.0.0.1/31', 'GigabitEthernet0/1': '10.0.0.2/31', 'GigabitEthernet0/2': '10.0.1.0/31', 'GigabitEthernet0/3': '10.10.10.12/24', 'Loopback0': '10.255.0.2/32'}",map,L1,['p2.cfg']
INTERFACE_IP_MAP,Interface_Inventory,[정상] leaf1 장비의 각 인터페이스에 할당된 IP 주소를 알려주세요.,"{'GigabitEthernet0/0': '172.16.1.2/24', 'GigabitEthernet0/1': '192.168.100.1/24', 'GigabitEthernet0/2': '10.10.1.1/24', 'GigabitEthernet0/3': '10.10.10.31/24'}",map,L1,['leaf1.cfg']
INTERFACE_IP_MAP,Interface_Inventory,[정상] p3 장비의 각 인터페이스에 할당된 IP 주소를 알려주세요.,"{'GigabitEthernet0/0': '10.0.0.3/31', 'GigabitEthernet0/1': '10.0.0.4/31', 'GigabitEthernet0/2': '10.0.1.2/31', 'GigabitEthernet0/3': '10.10.10.13/24', 'Loopback0': '10.255.0.3/32'}",map,L1,['p3.cfg']
INTERFACE_IP_MAP,Interface_Inventory,[정상] leaf4 장비의 각 인터페이스에 할당된 IP 주소를 알려주세요.,"{'GigabitEthernet0/0': '172.16.4.2/24', 'GigabitEthernet0/1': '', 'GigabitEthernet0/2': '10.10.10.34/24', 'GigabitEthernet0/3': ''}",map,L1,['leaf4.cfg']
SUBINTERFACE_COUNT,Interface_Inventory,[정상] pe1 장비에 설정된 서브인터페이스는 총 몇 개입니까?,0,numeric,L1,['pe1.cfg']
SUBINTERFACE_COUNT,Interface_Inventory,[정상] p4 장비에 설정된 서브인터페이스는 총 몇 개입니까?,0,numeric,L1,['p4.cfg']
SUBINTERFACE_COUNT,Interface_Inventory,[정상] p3 장비에 설정된 서브인터페이스는 총 몇 개입니까?,0,numeric,L1,['p3.cfg']
SUBINTERFACE_COUNT,Interface_Inventory,[정상] pe2 장비에 설정된 서브인터페이스는 총 몇 개입니까?,0,numeric,L1,['pe2.cfg']
SUBINTERFACE_COUNT,Interface_Inventory,[정상] p2 장비에 설정된 서브인터페이스는 총 몇 개입니까?,0,numeric,L1,['p2.cfg']
SUBINTERFACE_COUNT,Interface_Inventory,[정상] leaf2 장비에 설정된 서브인터페이스는 총 몇 개입니까?,0,numeric,L1,['leaf2.cfg']
SUBINTERFACE_COUNT,Interface_Inventory,[정상] leaf1 장비에 설정된 서브인터페이스는 총 몇 개입니까?,0,numeric,L1,['leaf1.cfg']
SUBINTERFACE_COUNT,Interface_Inventory,[정상] p1 장비에 설정된 서브인터페이스는 총 몇 개입니까?,0,numeric,L1,['p1.cfg']
SUBINTERFACE_COUNT,Interface_Inventory,[정상] leaf4 장비에 설정된 서브인터페이스는 총 몇 개입니까?,0,numeric,L1,['leaf4.cfg']
SUBINTERFACE_COUNT,Interface_Inventory,[정상] leaf3 장비에 설정된 서브인터페이스는 총 몇 개입니까?,0,numeric,L1,['leaf3.cfg']
VRF_BIND_MAP,Interface_Inventory,[정상] p4 장비의 각 인터페이스별 VRF 바인딩 현황을 알려주세요.,"{'GigabitEthernet0/0': 'default', 'GigabitEthernet0/1': 'default', 'GigabitEthernet0/2': 'default', 'GigabitEthernet0/3': 'default', 'Loopback0': 'default'}",map,L1,['p4.cfg']
VRF_BIND_MAP,Interface_Inventory,[정상] pe2 장비의 각 인터페이스별 VRF 바인딩 현황을 알려주세요.,"{'GigabitEthernet0/0': 'default', 'GigabitEthernet0/1': 'VRF_HPC', 'GigabitEthernet0/2': 'VRF_AI', 'GigabitEthernet0/3': 'default', 'Loopback0': 'default'}",map,L1,['pe2.cfg']
VRF_BIND_MAP,Interface_Inventory,[정상] pe1 장비의 각 인터페이스별 VRF 바인딩 현황을 알려주세요.,"{'GigabitEthernet0/0': 'default', 'GigabitEthernet0/1': 'VRF_AI', 'GigabitEthernet0/2': 'VRF_BIO', 'GigabitEthernet0/3': 'default', 'Loopback0': 'default'}",map,L1,['pe1.cfg']
VRF_BIND_MAP,Interface_Inventory,[정상] leaf4 장비의 각 인터페이스별 VRF 바인딩 현황을 알려주세요.,"{'GigabitEthernet0/0': 'default', 'GigabitEthernet0/1': 'default', 'GigabitEthernet0/2': 'default', 'GigabitEthernet0/3': 'default'}",map,L1,['leaf4.cfg']
VRF_BIND_MAP,Interface_Inventory,[정상] leaf2 장비의 각 인터페이스별 VRF 바인딩 현황을 알려주세요.,"{'GigabitEthernet0/0': 'default', 'GigabitEthernet0/1': 'default', 'GigabitEthernet0/2': 'default', 'GigabitEthernet0/3': 'default'}",map,L1,['leaf2.cfg']
VRF_BIND_MAP,Interface_Inventory,[정상] p2 장비의 각 인터페이스별 VRF 바인딩 현황을 알려주세요.,"{'GigabitEthernet0/0': 'default', 'GigabitEthernet0/1': 'default', 'GigabitEthernet0/2': 'default', 'GigabitEthernet0/3': 'default', 'Loopback0': 'default'}",map,L1,['p2.cfg']
VRF_BIND_MAP,Interface_Inventory,[정상] leaf1 장비의 각 인터페이스별 VRF 바인딩 현황을 알려주세요.,"{'GigabitEthernet0/0': 'default', 'GigabitEthernet0/1': 'default', 'GigabitEthernet0/2': 'default', 'GigabitEthernet0/3': 'default'}",map,L1,['leaf1.cfg']
VRF_BIND_MAP,Interface_Inventory,[정상] p1 장비의 각 인터페이스별 VRF 바인딩 현황을 알려주세요.,"{'GigabitEthernet0/0': 'default', 'GigabitEthernet0/1': 'default', 'GigabitEthernet0/2': 'default', 'GigabitEthernet0/3': 'default', 'Loopback0': 'default'}",map,L1,['p1.cfg']
VRF_BIND_MAP,Interface_Inventory,[정상] p3 장비의 각 인터페이스별 VRF 바인딩 현황을 알려주세요.,"{'GigabitEthernet0/0': 'default', 'GigabitEthernet0/1': 'default', 'GigabitEthernet0/2': 'default', 'GigabitEthernet0/3': 'default', 'Loopback0': 'default'}",map,L1,['p3.cfg']
VRF_BIND_MAP,Interface_Inventory,[정상] leaf3 장비의 각 인터페이스별 VRF 바인딩 현황을 알려주세요.,"{'GigabitEthernet0/0': 'default', 'GigabitEthernet0/1': 'default', 'GigabitEthernet0/2': 'default', 'GigabitEthernet0/3': 'default'}",map,L1,['leaf3.cfg']
BGP_LOCAL_AS_NUMERIC,Routing_Inventory,[정상] p2 장비의 BGP Local-AS 번호는 무엇입니까?,0,numeric,L1,['p2.cfg']
BGP_LOCAL_AS_NUMERIC,Routing_Inventory,[정상] leaf3 장비의 BGP Local-AS 번호는 무엇입니까?,0,numeric,L1,['leaf3.cfg']
BGP_LOCAL_AS_NUMERIC,Routing_Inventory,[정상] pe1 장비의 BGP Local-AS 번호는 무엇입니까?,65000,numeric,L1,['pe1.cfg']
BGP_LOCAL_AS_NUMERIC,Routing_Inventory,[정상] p1 장비의 BGP Local-AS 번호는 무엇입니까?,0,numeric,L1,['p1.cfg']
BGP_LOCAL_AS_NUMERIC,Routing_Inventory,[정상] p3 장비의 BGP Local-AS 번호는 무엇입니까?,0,numeric,L1,['p3.cfg']
BGP_LOCAL_AS_NUMERIC,Routing_Inventory,[정상] p4 장비의 BGP Local-AS 번호는 무엇입니까?,0,numeric,L1,['p4.cfg']
BGP_LOCAL_AS_NUMERIC,Routing_Inventory,[정상] leaf1 장비의 BGP Local-AS 번호는 무엇입니까?,0,numeric,L1,['leaf1.cfg']
BGP_LOCAL_AS_NUMERIC,Routing_Inventory,[정상] leaf2 장비의 BGP Local-AS 번호는 무엇입니까?,0,numeric,L1,['leaf2.cfg']
BGP_LOCAL_AS_NUMERIC,Routing_Inventory,[정상] leaf4 장비의 BGP Local-AS 번호는 무엇입니까?,0,numeric,L1,['leaf4.cfg']
BGP_LOCAL_AS_NUMERIC,Routing_Inventory,[정상] pe2 장비의 BGP Local-AS 번호는 무엇입니까?,65000,numeric,L1,['pe2.cfg']
BGP_NEIGHBOR_COUNT,Routing_Inventory,[정상] leaf3 장비의 BGP 피어(이웃)는 총 몇 개입니까?,0,numeric,L1,['leaf3.cfg']
BGP_NEIGHBOR_COUNT,Routing_Inventory,[정상] pe2 장비의 BGP 피어(이웃)는 총 몇 개입니까?,1,numeric,L1,['pe2.cfg']
BGP_NEIGHBOR_COUNT,Routing_Inventory,[정상] p1 장비의 BGP 피어(이웃)는 총 몇 개입니까?,0,numeric,L1,['p1.cfg']
BGP_NEIGHBOR_COUNT,Routing_Inventory,[정상] leaf2 장비의 BGP 피어(이웃)는 총 몇 개입니까?,0,numeric,L1,['leaf2.cfg']
BGP_NEIGHBOR_COUNT,Routing_Inventory,[정상] leaf1 장비의 BGP 피어(이웃)는 총 몇 개입니까?,0,numeric,L1,['leaf1.cfg']
BGP_NEIGHBOR_COUNT,Routing_Inventory,[정상] pe1 장비의 BGP 피어(이웃)는 총 몇 개입니까?,1,numeric,L1,['pe1.cfg']
BGP_NEIGHBOR_COUNT,Routing_Inventory,[정상] p4 장비의 BGP 피어(이웃)는 총 몇 개입니까?,0,numeric,L1,['p4.cfg']
BGP_NEIGHBOR_COUNT,Routing_Inventory,[정상] leaf4 장비의 BGP 피어(이웃)는 총 몇 개입니까?,0,numeric,L1,['leaf4.cfg']
BGP_NEIGHBOR_COUNT,Routing_Inventory,[정상] p3 장비의 BGP 피어(이웃)는 총 몇 개입니까?,0,numeric,L1,['p3.cfg']
BGP_NEIGHBOR_COUNT,Routing_Inventory,[정상] p2 장비의 BGP 피어(이웃)는 총 몇 개입니까?,0,numeric,L1,['p2.cfg']
NEIGHBOR_LIST_IBGP,Routing_Inventory,[정상] pe1 장비와 iBGP로 연결된 피어들의 IP 주소 목록을 알려주세요.,10.255.0.12,set,L1,"['pe1.cfg', 'pe2.cfg']"
NEIGHBOR_LIST_IBGP,Routing_Inventory,[정상] pe2 장비와 iBGP로 연결된 피어들의 IP 주소 목록을 알려주세요.,10.255.0.11,set,L1,"['pe1.cfg', 'pe2.cfg']"
OSPF_PROCESS_IDS_SET,Routing_Inventory,[정상] p2 장비에 설정된 OSPF 프로세스 ID 목록을 알려주세요.,1,set,L1,['p2.cfg']
OSPF_PROCESS_IDS_SET,Routing_Inventory,[정상] pe2 장비에 설정된 OSPF 프로세스 ID 목록을 알려주세요.,1,set,L1,['pe2.cfg']
OSPF_PROCESS_IDS_SET,Routing_Inventory,[정상] pe1 장비에 설정된 OSPF 프로세스 ID 목록을 알려주세요.,1,set,L1,['pe1.cfg']
OSPF_PROCESS_IDS_SET,Routing_Inventory,[정상] p3 장비에 설정된 OSPF 프로세스 ID 목록을 알려주세요.,1,set,L1,['p3.cfg']
OSPF_PROCESS_IDS_SET,Routing_Inventory,[정상] p4 장비에 설정된 OSPF 프로세스 ID 목록을 알려주세요.,1,set,L1,['p4.cfg']
OSPF_PROCESS_IDS_SET,Routing_Inventory,[정상] p1 장비에 설정된 OSPF 프로세스 ID 목록을 알려주세요.,1,set,L1,['p1.cfg']
OSPF_AREA_SET,Routing_Inventory,[정상] p2 장비가 참여하는 OSPF Area 목록을 알려주세요.,None,set,L1,['p2.cfg']
OSPF_AREA_SET,Routing_Inventory,[정상] p4 장비가 참여하는 OSPF Area 목록을 알려주세요.,None,set,L1,['p4.cfg']
OSPF_AREA_SET,Routing_Inventory,[정상] pe2 장비가 참여하는 OSPF Area 목록을 알려주세요.,None,set,L1,['pe2.cfg']
OSPF_AREA_SET,Routing_Inventory,[정상] p3 장비가 참여하는 OSPF Area 목록을 알려주세요.,None,set,L1,['p3.cfg']
OSPF_AREA_SET,Routing_Inventory,[정상] p1 장비가 참여하는 OSPF Area 목록을 알려주세요.,None,set,L1,['p1.cfg']
OSPF_AREA_SET,Routing_Inventory,[정상] pe1 장비가 참여하는 OSPF Area 목록을 알려주세요.,None,set,L1,['pe1.cfg']
VRF_NAMES_SET,Services_Inventory,[정상] pe2 장비에 설정된 VRF 이름 목록을 알려주세요.,"VRF_AI, VRF_BIO, VRF_HPC",set,L1,['pe2.cfg']
VRF_NAMES_SET,Services_Inventory,[정상] pe1 장비에 설정된 VRF 이름 목록을 알려주세요.,"VRF_AI, VRF_BIO, VRF_HPC",set,L1,['pe1.cfg']
VRF_COUNT,Services_Inventory,[정상] pe1 장비에 설정된 VRF는 총 몇 개입니까?,3,numeric,L1,['pe1.cfg']
VRF_COUNT,Services_Inventory,[정상] leaf1 장비에 설정된 VRF는 총 몇 개입니까?,0,numeric,L1,['leaf1.cfg']
VRF_COUNT,Services_Inventory,[정상] p4 장비에 설정된 VRF는 총 몇 개입니까?,0,numeric,L1,['p4.cfg']
VRF_COUNT,Services_Inventory,[정상] p3 장비에 설정된 VRF는 총 몇 개입니까?,0,numeric,L1,['p3.cfg']
VRF_COUNT,Services_Inventory,[정상] leaf3 장비에 설정된 VRF는 총 몇 개입니까?,0,numeric,L1,['leaf3.cfg']
VRF_COUNT,Services_Inventory,[정상] pe2 장비에 설정된 VRF는 총 몇 개입니까?,3,numeric,L1,['pe2.cfg']
VRF_COUNT,Services_Inventory,[정상] p1 장비에 설정된 VRF는 총 몇 개입니까?,0,numeric,L1,['p1.cfg']
VRF_COUNT,Services_Inventory,[정상] p2 장비에 설정된 VRF는 총 몇 개입니까?,0,numeric,L1,['p2.cfg']
VRF_COUNT,Services_Inventory,[정상] leaf2 장비에 설정된 VRF는 총 몇 개입니까?,0,numeric,L1,['leaf2.cfg']
VRF_COUNT,Services_Inventory,[정상] leaf4 장비에 설정된 VRF는 총 몇 개입니까?,0,numeric,L1,['leaf4.cfg']
VRF_RD_MAP,Services_Inventory,[정상] p4 장비에 설정된 VRF들의 이름과 RD(Route Distinguisher) 값을 함께 보여주세요.,{},map,L1,['p4.cfg']
VRF_RD_MAP,Services_Inventory,[정상] pe1 장비에 설정된 VRF들의 이름과 RD(Route Distinguisher) 값을 함께 보여주세요.,"{'VRF_AI': '65000:1', 'VRF_BIO': '65000:2', 'VRF_HPC': '65000:3'}",map,L1,['pe1.cfg']
VRF_RD_MAP,Services_Inventory,[정상] leaf1 장비에 설정된 VRF들의 이름과 RD(Route Distinguisher) 값을 함께 보여주세요.,{},map,L1,['leaf1.cfg']
VRF_RD_MAP,Services_Inventory,[정상] p3 장비에 설정된 VRF들의 이름과 RD(Route Distinguisher) 값을 함께 보여주세요.,{},map,L1,['p3.cfg']
VRF_RD_MAP,Services_Inventory,[정상] pe2 장비에 설정된 VRF들의 이름과 RD(Route Distinguisher) 값을 함께 보여주세요.,"{'VRF_AI': '65000:1', 'VRF_BIO': '65000:2', 'VRF_HPC': '65000:3'}",map,L1,['pe2.cfg']
VRF_RD_MAP,Services_Inventory,[정상] leaf4 장비에 설정된 VRF들의 이름과 RD(Route Distinguisher) 값을 함께 보여주세요.,{},map,L1,['leaf4.cfg']
VRF_RD_MAP,Services_Inventory,[정상] leaf2 장비에 설정된 VRF들의 이름과 RD(Route Distinguisher) 값을 함께 보여주세요.,{},map,L1,['leaf2.cfg']
VRF_RD_MAP,Services_Inventory,[정상] leaf3 장비에 설정된 VRF들의 이름과 RD(Route Distinguisher) 값을 함께 보여주세요.,{},map,L1,['leaf3.cfg']
VRF_RD_MAP,Services_Inventory,[정상] p1 장비에 설정된 VRF들의 이름과 RD(Route Distinguisher) 값을 함께 보여주세요.,{},map,L1,['p1.cfg']
VRF_RD_MAP,Services_Inventory,[정상] p2 장비에 설정된 VRF들의 이름과 RD(Route Distinguisher) 값을 함께 보여주세요.,{},map,L1,['p2.cfg']
RT_IMPORT_COUNT,Services_Inventory,[정상] pe1 장비의 Route Target Import 설정은 총 몇 개입니까?,6,numeric,L1,['pe1.cfg']
RT_IMPORT_COUNT,Services_Inventory,[정상] pe2 장비의 Route Target Import 설정은 총 몇 개입니까?,6,numeric,L1,['pe2.cfg']
RT_IMPORT_COUNT,Services_Inventory,[정상] p1 장비의 Route Target Import 설정은 총 몇 개입니까?,0,numeric,L1,['p1.cfg']
RT_IMPORT_COUNT,Services_Inventory,[정상] leaf2 장비의 Route Target Import 설정은 총 몇 개입니까?,0,numeric,L1,['leaf2.cfg']
RT_IMPORT_COUNT,Services_Inventory,[정상] leaf3 장비의 Route Target Import 설정은 총 몇 개입니까?,0,numeric,L1,['leaf3.cfg']
RT_IMPORT_COUNT,Services_Inventory,[정상] leaf4 장비의 Route Target Import 설정은 총 몇 개입니까?,0,numeric,L1,['leaf4.cfg']
RT_IMPORT_COUNT,Services_Inventory,[정상] p3 장비의 Route Target Import 설정은 총 몇 개입니까?,0,numeric,L1,['p3.cfg']
RT_IMPORT_COUNT,Services_Inventory,[정상] p4 장비의 Route Target Import 설정은 총 몇 개입니까?,0,numeric,L1,['p4.cfg']
RT_IMPORT_COUNT,Services_Inventory,[정상] leaf1 장비의 Route Target Import 설정은 총 몇 개입니까?,0,numeric,L1,['leaf1.cfg']
RT_IMPORT_COUNT,Services_Inventory,[정상] p2 장비의 Route Target Import 설정은 총 몇 개입니까?,0,numeric,L1,['p2.cfg']
RT_EXPORT_COUNT,Services_Inventory,[정상] leaf1 장비의 Route Target Export 설정은 총 몇 개입니까?,0,numeric,L1,['leaf1.cfg']
RT_EXPORT_COUNT,Services_Inventory,[정상] p4 장비의 Route Target Export 설정은 총 몇 개입니까?,0,numeric,L1,['p4.cfg']
RT_EXPORT_COUNT,Services_Inventory,[정상] p2 장비의 Route Target Export 설정은 총 몇 개입니까?,0,numeric,L1,['p2.cfg']
RT_EXPORT_COUNT,Services_Inventory,[정상] pe2 장비의 Route Target Export 설정은 총 몇 개입니까?,6,numeric,L1,['pe2.cfg']
RT_EXPORT_COUNT,Services_Inventory,[정상] leaf4 장비의 Route Target Export 설정은 총 몇 개입니까?,0,numeric,L1,['leaf4.cfg']
RT_EXPORT_COUNT,Services_Inventory,[정상] leaf3 장비의 Route Target Export 설정은 총 몇 개입니까?,0,numeric,L1,['leaf3.cfg']
RT_EXPORT_COUNT,Services_Inventory,[정상] leaf2 장비의 Route Target Export 설정은 총 몇 개입니까?,0,numeric,L1,['leaf2.cfg']
RT_EXPORT_COUNT,Services_Inventory,[정상] pe1 장비의 Route Target Export 설정은 총 몇 개입니까?,6,numeric,L1,['pe1.cfg']
RT_EXPORT_COUNT,Services_Inventory,[정상] p1 장비의 Route Target Export 설정은 총 몇 개입니까?,0,numeric,L1,['p1.cfg']
RT_EXPORT_COUNT,Services_Inventory,[정상] p3 장비의 Route Target Export 설정은 총 몇 개입니까?,0,numeric,L1,['p3.cfg']
MPLS_LDP_PRESENT_BOOL,Services_Inventory,[정상] p2 장비의 MPLS LDP Router-ID를 알려주세요. [답변 형식: 'Router-ID: X.X.X.X' 또는 '미설정'],Router-ID: 10.255.0.2,text,L1,['p2.cfg']
MPLS_LDP_PRESENT_BOOL,Services_Inventory,[정상] pe2 장비의 MPLS LDP Router-ID를 알려주세요. [답변 형식: 'Router-ID: X.X.X.X' 또는 '미설정'],미설정,text,L1,['pe2.cfg']
MPLS_LDP_PRESENT_BOOL,Services_Inventory,[정상] leaf1 장비의 MPLS LDP Router-ID를 알려주세요. [답변 형식: 'Router-ID: X.X.X.X' 또는 '미설정'],미설정,text,L1,['leaf1.cfg']
MPLS_LDP_PRESENT_BOOL,Services_Inventory,[정상] pe1 장비의 MPLS LDP Router-ID를 알려주세요. [답변 형식: 'Router-ID: X.X.X.X' 또는 '미설정'],미설정,text,L1,['pe1.cfg']
MPLS_LDP_PRESENT_BOOL,Services_Inventory,[정상] p1 장비의 MPLS LDP Router-ID를 알려주세요. [답변 형식: 'Router-ID: X.X.X.X' 또는 '미설정'],Router-ID: 10.255.0.1,text,L1,['p1.cfg']
MPLS_LDP_PRESENT_BOOL,Services_Inventory,[정상] p4 장비의 MPLS LDP Router-ID를 알려주세요. [답변 형식: 'Router-ID: X.X.X.X' 또는 '미설정'],미설정,text,L1,['p4.cfg']
MPLS_LDP_PRESENT_BOOL,Services_Inventory,[정상] leaf4 장비의 MPLS LDP Router-ID를 알려주세요. [답변 형식: 'Router-ID: X.X.X.X' 또는 '미설정'],미설정,text,L1,['leaf4.cfg']
MPLS_LDP_PRESENT_BOOL,Services_Inventory,[정상] p3 장비의 MPLS LDP Router-ID를 알려주세요. [답변 형식: 'Router-ID: X.X.X.X' 또는 '미설정'],Router-ID: 10.255.0.3,text,L1,['p3.cfg']
MPLS_LDP_PRESENT_BOOL,Services_Inventory,[정상] leaf2 장비의 MPLS LDP Router-ID를 알려주세요. [답변 형식: 'Router-ID: X.X.X.X' 또는 '미설정'],미설정,text,L1,['leaf2.cfg']
MPLS_LDP_PRESENT_BOOL,Services_Inventory,[정상] leaf3 장비의 MPLS LDP Router-ID를 알려주세요. [답변 형식: 'Router-ID: X.X.X.X' 또는 '미설정'],미설정,text,L1,['leaf3.cfg']
SSH_ENABLED_DEVICES,Security_Policy,[정상] SSH 접속이 가능한 장비 목록을 알려주세요.,"leaf1, leaf2, leaf3, leaf4, p1, p2, p3, p4, pe1, pe2",set,L2,"['leaf1.cfg', 'leaf2.cfg', 'leaf3.cfg', 'leaf4.cfg', 'p1.cfg', 'p2.cfg', 'p3.cfg', 'p4.cfg', 'pe1.cfg', 'pe2.cfg']"
SSH_MISSING_COUNT,Security_Policy,[정상] SSH 접속이 불가능한 장비는 총 몇 대입니까?,0,numeric,L2,"['leaf1.cfg', 'leaf2.cfg', 'leaf3.cfg', 'leaf4.cfg', 'p1.cfg', 'p2.cfg', 'p3.cfg', 'p4.cfg', 'pe1.cfg', 'pe2.cfg']"
AAA_MISSING_DEVICES,Security_Policy,[정상] AAA 기능이 비활성화된 장비 목록을 알려주세요.,"leaf1, leaf2, leaf3, leaf4, p1, p2, p3, p4, pe1, pe2",set,L2,"['leaf1.cfg', 'leaf2.cfg', 'leaf3.cfg', 'leaf4.cfg', 'p1.cfg', 'p2.cfg', 'p3.cfg', 'p4.cfg', 'pe1.cfg', 'pe2.cfg']"
OSPF_AREA0_IF_COUNT,OSPF_Consistency,[정상] {host} 장비의 OSPF Area 0에 연결된 인터페이스는 총 몇 개입니까?,0,numeric,L2,"['leaf1.cfg', 'leaf2.cfg', 'leaf3.cfg', 'leaf4.cfg', 'p1.cfg', 'p2.cfg', 'p3.cfg', 'p4.cfg', 'pe1.cfg', 'pe2.cfg']"
OSPF_AREA0_IF_COUNT,OSPF_Consistency,[정상] pe1 장비의 OSPF Area 0에 연결된 인터페이스는 총 몇 개입니까?,0,numeric,L2,['pe1.cfg']
OSPF_AREA0_IF_COUNT,OSPF_Consistency,[정상] leaf2 장비의 OSPF Area 0에 연결된 인터페이스는 총 몇 개입니까?,0,numeric,L2,['leaf2.cfg']
OSPF_AREA0_IF_COUNT,OSPF_Consistency,[정상] pe2 장비의 OSPF Area 0에 연결된 인터페이스는 총 몇 개입니까?,0,numeric,L2,['pe2.cfg']
OSPF_AREA0_IF_COUNT,OSPF_Consistency,[정상] leaf4 장비의 OSPF Area 0에 연결된 인터페이스는 총 몇 개입니까?,0,numeric,L2,['leaf4.cfg']
OSPF_AREA0_IF_COUNT,OSPF_Consistency,[정상] p2 장비의 OSPF Area 0에 연결된 인터페이스는 총 몇 개입니까?,0,numeric,L2,['p2.cfg']
OSPF_AREA0_IF_COUNT,OSPF_Consistency,[정상] p1 장비의 OSPF Area 0에 연결된 인터페이스는 총 몇 개입니까?,0,numeric,L2,['p1.cfg']
OSPF_AREA0_IF_COUNT,OSPF_Consistency,[정상] leaf1 장비의 OSPF Area 0에 연결된 인터페이스는 총 몇 개입니까?,0,numeric,L2,['leaf1.cfg']
OSPF_AREA0_IF_COUNT,OSPF_Consistency,[정상] leaf3 장비의 OSPF Area 0에 연결된 인터페이스는 총 몇 개입니까?,0,numeric,L2,['leaf3.cfg']
OSPF_AREA0_IF_COUNT,OSPF_Consistency,[정상] p3 장비의 OSPF Area 0에 연결된 인터페이스는 총 몇 개입니까?,0,numeric,L2,['p3.cfg']
OSPF_AREA0_IF_COUNT,OSPF_Consistency,[정상] p4 장비의 OSPF Area 0에 연결된 인터페이스는 총 몇 개입니까?,0,numeric,L2,['p4.cfg']
IBGP_FULLMESH_OK,BGP_Consistency,"[정상] AS 65000의 iBGP Full-Mesh 상태와 누락된 피어링을 알려주세요. [답변 형식: '완전' 또는 '누락: A↔B, C↔D']",완전,text,L3,"['leaf1.cfg', 'leaf2.cfg', 'leaf3.cfg', 'leaf4.cfg', 'p1.cfg', 'p2.cfg', 'p3.cfg', 'p4.cfg', 'pe1.cfg', 'pe2.cfg']"
IBGP_MISSING_PAIRS_COUNT,BGP_Consistency,[정상] AS 65000의 iBGP Full-Mesh에서 누락된 링크는 총 몇 개입니까?,0,numeric,L3,"['leaf1.cfg', 'leaf2.cfg', 'leaf3.cfg', 'leaf4.cfg', 'p1.cfg', 'p2.cfg', 'p3.cfg', 'p4.cfg', 'pe1.cfg', 'pe2.cfg']"
IBGP_UNDER_PEERED_COUNT,BGP_Consistency,[정상] AS 65000에서 iBGP 피어 수가 부족한 장비는 총 몇 대입니까?,0,numeric,L3,"['leaf1.cfg', 'leaf2.cfg', 'leaf3.cfg', 'leaf4.cfg', 'p1.cfg', 'p2.cfg', 'p3.cfg', 'p4.cfg', 'pe1.cfg', 'pe2.cfg']"
VRF_WITHOUT_RT_COUNT,VRF_Consistency,[정상] route-target이 없는 VRF(장비/VRF)는 총 몇 개입니까?,0,numeric,L3,"['leaf1.cfg', 'leaf2.cfg', 'leaf3.cfg', 'leaf4.cfg', 'p1.cfg', 'p2.cfg', 'p3.cfg', 'p4.cfg', 'pe1.cfg', 'pe2.cfg']"
VRF_INTERFACE_BIND_COUNT,VRF_Consistency,[정상] {host} 장비의 {vrf} VRF에 바인딩된 인터페이스는 총 몇 개입니까?,0,numeric,L3,"['leaf1.cfg', 'leaf2.cfg', 'leaf3.cfg', 'leaf4.cfg', 'p1.cfg', 'p2.cfg', 'p3.cfg', 'p4.cfg', 'pe1.cfg', 'pe2.cfg']"
VRF_RT_LIST_PER_DEVICE,VRF_Consistency,[정상] pe2 장비에 설정된 route-target(중복 제거) 전체 목록을 알려주세요.,"65000:1, 65000:2, 65000:3",set,L3,['pe2.cfg']
VRF_RT_LIST_PER_DEVICE,VRF_Consistency,[정상] pe1 장비에 설정된 route-target(중복 제거) 전체 목록을 알려주세요.,"65000:1, 65000:2, 65000:3",set,L3,['pe1.cfg']
VRF_WITHOUT_RT_COUNT,VRF_Consistency,[정상] route-target이 없는 VRF(장비/VRF)는 총 몇 개입니까?,0,numeric,L3,['leaf4.cfg']
VRF_WITHOUT_RT_COUNT,VRF_Consistency,[정상] route-target이 없는 VRF(장비/VRF)는 총 몇 개입니까?,0,numeric,L3,['pe2.cfg']
VRF_WITHOUT_RT_COUNT,VRF_Consistency,[정상] route-target이 없는 VRF(장비/VRF)는 총 몇 개입니까?,0,numeric,L3,['leaf1.cfg']
VRF_WITHOUT_RT_COUNT,VRF_Consistency,[정상] route-target이 없는 VRF(장비/VRF)는 총 몇 개입니까?,0,numeric,L3,['p2.cfg']
VRF_WITHOUT_RT_COUNT,VRF_Consistency,[정상] route-target이 없는 VRF(장비/VRF)는 총 몇 개입니까?,0,numeric,L3,['leaf2.cfg']
VRF_WITHOUT_RT_COUNT,VRF_Consistency,[정상] route-target이 없는 VRF(장비/VRF)는 총 몇 개입니까?,0,numeric,L3,['p1.cfg']
VRF_WITHOUT_RT_COUNT,VRF_Consistency,[정상] route-target이 없는 VRF(장비/VRF)는 총 몇 개입니까?,0,numeric,L3,['leaf3.cfg']
VRF_WITHOUT_RT_COUNT,VRF_Consistency,[정상] route-target이 없는 VRF(장비/VRF)는 총 몇 개입니까?,0,numeric,L3,['p3.cfg']
VRF_WITHOUT_RT_COUNT,VRF_Consistency,[정상] route-target이 없는 VRF(장비/VRF)는 총 몇 개입니까?,0,numeric,L3,['p4.cfg']
VRF_WITHOUT_RT_COUNT,VRF_Consistency,[정상] route-target이 없는 VRF(장비/VRF)는 총 몇 개입니까?,0,numeric,L3,['pe1.cfg']
VRF_INTERFACE_BIND_COUNT,VRF_Consistency,[정상] leaf3 장비의 {vrf} VRF에 바인딩된 인터페이스는 총 몇 개입니까?,0,numeric,L3,['leaf3.cfg']
VRF_INTERFACE_BIND_COUNT,VRF_Consistency,[정상] p4 장비의 {vrf} VRF에 바인딩된 인터페이스는 총 몇 개입니까?,0,numeric,L3,['p4.cfg']
VRF_INTERFACE_BIND_COUNT,VRF_Consistency,[정상] p3 장비의 {vrf} VRF에 바인딩된 인터페이스는 총 몇 개입니까?,0,numeric,L3,['p3.cfg']
VRF_INTERFACE_BIND_COUNT,VRF_Consistency,[정상] pe2 장비의 {vrf} VRF에 바인딩된 인터페이스는 총 몇 개입니까?,0,numeric,L3,['pe2.cfg']
VRF_INTERFACE_BIND_COUNT,VRF_Consistency,[정상] leaf1 장비의 {vrf} VRF에 바인딩된 인터페이스는 총 몇 개입니까?,0,numeric,L3,['leaf1.cfg']
VRF_INTERFACE_BIND_COUNT,VRF_Consistency,[정상] leaf2 장비의 {vrf} VRF에 바인딩된 인터페이스는 총 몇 개입니까?,0,numeric,L3,['leaf2.cfg']
VRF_INTERFACE_BIND_COUNT,VRF_Consistency,[정상] p2 장비의 {vrf} VRF에 바인딩된 인터페이스는 총 몇 개입니까?,0,numeric,L3,['p2.cfg']
VRF_INTERFACE_BIND_COUNT,VRF_Consistency,[정상] pe1 장비의 {vrf} VRF에 바인딩된 인터페이스는 총 몇 개입니까?,0,numeric,L3,['pe1.cfg']
VRF_INTERFACE_BIND_COUNT,VRF_Consistency,[정상] leaf4 장비의 {vrf} VRF에 바인딩된 인터페이스는 총 몇 개입니까?,0,numeric,L3,['leaf4.cfg']
VRF_INTERFACE_BIND_COUNT,VRF_Consistency,[정상] p1 장비의 {vrf} VRF에 바인딩된 인터페이스는 총 몇 개입니까?,0,numeric,L3,['p1.cfg']
L2VPN_UNIDIR_COUNT,L2VPN_Consistency,[정상] 단방향으로만 설정된 L2VPN 회선은 총 몇 개입니까?,0,numeric,L3,"['leaf1.cfg', 'leaf2.cfg', 'leaf3.cfg', 'leaf4.cfg', 'p1.cfg', 'p2.cfg', 'p3.cfg', 'p4.cfg', 'pe1.cfg', 'pe2.cfg']"
L2VPN_MISMATCH_COUNT,L2VPN_Consistency,[정상] PW-ID 불일치 또는 단방향 L2VPN 회선은 총 몇 개입니까?,0,numeric,L3,"['leaf1.cfg', 'leaf2.cfg', 'leaf3.cfg', 'leaf4.cfg', 'p1.cfg', 'p2.cfg', 'p3.cfg', 'p4.cfg', 'pe1.cfg', 'pe2.cfg']"
COMPARE_BGP_NEIGHBOR_COUNT,Comparison_Analysis,"[정상] leaf4과 p3의 BGP 피어 수는 각각 몇 개이며, 차이는 몇 개입니까? [답변 형식: 'leaf4: N개, p3: M개, 차이: K개']","leaf4: 0개, p3: 0개, 차이: 0개",text,L3,"['leaf1.cfg', 'leaf2.cfg', 'leaf3.cfg', 'leaf4.cfg', 'p1.cfg', 'p2.cfg', 'p3.cfg', 'p4.cfg', 'pe1.cfg', 'pe2.cfg']"
COMPARE_BGP_NEIGHBOR_COUNT,Comparison_Analysis,"[정상] p2과 p3의 BGP 피어 수는 각각 몇 개이며, 차이는 몇 개입니까? [답변 형식: 'p2: N개, p3: M개, 차이: K개']","p2: 0개, p3: 0개, 차이: 0개",text,L3,"['leaf1.cfg', 'leaf2.cfg', 'leaf3.cfg', 'leaf4.cfg', 'p1.cfg', 'p2.cfg', 'p3.cfg', 'p4.cfg', 'pe1.cfg', 'pe2.cfg']"
COMPARE_BGP_NEIGHBOR_COUNT,Comparison_Analysis,"[정상] leaf4과 pe2의 BGP 피어 수는 각각 몇 개이며, 차이는 몇 개입니까? [답변 형식: 'leaf4: N개, pe2: M개, 차이: K개']","leaf4: 0개, pe2: 1개, 차이: 1개",text,L3,"['leaf1.cfg', 'leaf2.cfg', 'leaf3.cfg', 'leaf4.cfg', 'p1.cfg', 'p2.cfg', 'p3.cfg', 'p4.cfg', 'pe1.cfg', 'pe2.cfg']"
COMPARE_BGP_NEIGHBOR_COUNT,Comparison_Analysis,"[정상] p2과 pe2의 BGP 피어 수는 각각 몇 개이며, 차이는 몇 개입니까? [답변 형식: 'p2: N개, pe2: M개, 차이: K개']","p2: 0개, pe2: 1개, 차이: 1개",text,L3,"['leaf1.cfg', 'leaf2.cfg', 'leaf3.cfg', 'leaf4.cfg', 'p1.cfg', 'p2.cfg', 'p3.cfg', 'p4.cfg', 'pe1.cfg', 'pe2.cfg']"
COMPARE_BGP_NEIGHBOR_COUNT,Comparison_Analysis,"[정상] p2과 p4의 BGP 피어 수는 각각 몇 개이며, 차이는 몇 개입니까? [답변 형식: 'p2: N개, p4: M개, 차이: K개']","p2: 0개, p4: 0개, 차이: 0개",text,L3,"['leaf1.cfg', 'leaf2.cfg', 'leaf3.cfg', 'leaf4.cfg', 'p1.cfg', 'p2.cfg', 'p3.cfg', 'p4.cfg', 'pe1.cfg', 'pe2.cfg']"
COMPARE_BGP_NEIGHBOR_COUNT,Comparison_Analysis,"[정상] leaf3과 pe1의 BGP 피어 수는 각각 몇 개이며, 차이는 몇 개입니까? [답변 형식: 'leaf3: N개, pe1: M개, 차이: K개']","leaf3: 0개, pe1: 1개, 차이: 1개",text,L3,"['leaf1.cfg', 'leaf2.cfg', 'leaf3.cfg', 'leaf4.cfg', 'p1.cfg', 'p2.cfg', 'p3.cfg', 'p4.cfg', 'pe1.cfg', 'pe2.cfg']"
COMPARE_BGP_NEIGHBOR_COUNT,Comparison_Analysis,"[정상] leaf1과 p3의 BGP 피어 수는 각각 몇 개이며, 차이는 몇 개입니까? [답변 형식: 'leaf1: N개, p3: M개, 차이: K개']","leaf1: 0개, p3: 0개, 차이: 0개",text,L3,"['leaf1.cfg', 'leaf2.cfg', 'leaf3.cfg', 'leaf4.cfg', 'p1.cfg', 'p2.cfg', 'p3.cfg', 'p4.cfg', 'pe1.cfg', 'pe2.cfg']"
COMPARE_BGP_NEIGHBOR_COUNT,Comparison_Analysis,"[정상] p3과 p4의 BGP 피어 수는 각각 몇 개이며, 차이는 몇 개입니까? [답변 형식: 'p3: N개, p4: M개, 차이: K개']","p3: 0개, p4: 0개, 차이: 0개",text,L3,"['leaf1.cfg', 'leaf2.cfg', 'leaf3.cfg', 'leaf4.cfg', 'p1.cfg', 'p2.cfg', 'p3.cfg', 'p4.cfg', 'pe1.cfg', 'pe2.cfg']"
COMPARE_BGP_NEIGHBOR_COUNT,Comparison_Analysis,"[정상] leaf4과 p1의 BGP 피어 수는 각각 몇 개이며, 차이는 몇 개입니까? [답변 형식: 'leaf4: N개, p1: M개, 차이: K개']","leaf4: 0개, p1: 0개, 차이: 0개",text,L3,"['leaf1.cfg', 'leaf2.cfg', 'leaf3.cfg', 'leaf4.cfg', 'p1.cfg', 'p2.cfg', 'p3.cfg', 'p4.cfg', 'pe1.cfg', 'pe2.cfg']"
COMPARE_BGP_NEIGHBOR_COUNT,Comparison_Analysis,"[정상] leaf2과 p1의 BGP 피어 수는 각각 몇 개이며, 차이는 몇 개입니까? [답변 형식: 'leaf2: N개, p1: M개, 차이: K개']","leaf2: 0개, p1: 0개, 차이: 0개",text,L3,"['leaf1.cfg', 'leaf2.cfg', 'leaf3.cfg', 'leaf4.cfg', 'p1.cfg', 'p2.cfg', 'p3.cfg', 'p4.cfg', 'pe1.cfg', 'pe2.cfg']"
COMPARE_BGP_NEIGHBOR_COUNT,Comparison_Analysis,"[정상] leaf3과 leaf4의 BGP 피어 수는 각각 몇 개이며, 차이는 몇 개입니까? [답변 형식: 'leaf3: N개, leaf4: M개, 차이: K개']","leaf3: 0개, leaf4: 0개, 차이: 0개",text,L3,"['leaf1.cfg', 'leaf2.cfg', 'leaf3.cfg', 'leaf4.cfg', 'p1.cfg', 'p2.cfg', 'p3.cfg', 'p4.cfg', 'pe1.cfg', 'pe2.cfg']"
COMPARE_BGP_NEIGHBOR_COUNT,Comparison_Analysis,"[정상] leaf2과 pe2의 BGP 피어 수는 각각 몇 개이며, 차이는 몇 개입니까? [답변 형식: 'leaf2: N개, pe2: M개, 차이: K개']","leaf2: 0개, pe2: 1개, 차이: 1개",text,L3,"['leaf1.cfg', 'leaf2.cfg', 'leaf3.cfg', 'leaf4.cfg', 'p1.cfg', 'p2.cfg', 'p3.cfg', 'p4.cfg', 'pe1.cfg', 'pe2.cfg']"
COMPARE_BGP_NEIGHBOR_COUNT,Comparison_Analysis,"[정상] p3과 pe2의 BGP 피어 수는 각각 몇 개이며, 차이는 몇 개입니까? [답변 형식: 'p3: N개, pe2: M개, 차이: K개']","p3: 0개, pe2: 1개, 차이: 1개",text,L3,"['leaf1.cfg', 'leaf2.cfg', 'leaf3.cfg', 'leaf4.cfg', 'p1.cfg', 'p2.cfg', 'p3.cfg', 'p4.cfg', 'pe1.cfg', 'pe2.cfg']"
COMPARE_BGP_NEIGHBOR_COUNT,Comparison_Analysis,"[정상] p3과 pe1의 BGP 피어 수는 각각 몇 개이며, 차이는 몇 개입니까? [답변 형식: 'p3: N개, pe1: M개, 차이: K개']","p3: 0개, pe1: 1개, 차이: 1개",text,L3,"['leaf1.cfg', 'leaf2.cfg', 'leaf3.cfg', 'leaf4.cfg', 'p1.cfg', 'p2.cfg', 'p3.cfg', 'p4.cfg', 'pe1.cfg', 'pe2.cfg']"
COMPARE_BGP_NEIGHBOR_COUNT,Comparison_Analysis,"[정상] leaf2과 p3의 BGP 피어 수는 각각 몇 개이며, 차이는 몇 개입니까? [답변 형식: 'leaf2: N개, p3: M개, 차이: K개']","leaf2: 0개, p3: 0개, 차이: 0개",text,L3,"['leaf1.cfg', 'leaf2.cfg', 'leaf3.cfg', 'leaf4.cfg', 'p1.cfg', 'p2.cfg', 'p3.cfg', 'p4.cfg', 'pe1.cfg', 'pe2.cfg']"
COMPARE_BGP_NEIGHBOR_COUNT,Comparison_Analysis,"[정상] leaf3과 p3의 BGP 피어 수는 각각 몇 개이며, 차이는 몇 개입니까? [답변 형식: 'leaf3: N개, p3: M개, 차이: K개']","leaf3: 0개, p3: 0개, 차이: 0개",text,L3,"['leaf1.cfg', 'leaf2.cfg', 'leaf3.cfg', 'leaf4.cfg', 'p1.cfg', 'p2.cfg', 'p3.cfg', 'p4.cfg', 'pe1.cfg', 'pe2.cfg']"
COMPARE_BGP_NEIGHBOR_COUNT,Comparison_Analysis,"[정상] leaf1과 leaf2의 BGP 피어 수는 각각 몇 개이며, 차이는 몇 개입니까? [답변 형식: 'leaf1: N개, leaf2: M개, 차이: K개']","leaf1: 0개, leaf2: 0개, 차이: 0개",text,L3,"['leaf1.cfg', 'leaf2.cfg', 'leaf3.cfg', 'leaf4.cfg', 'p1.cfg', 'p2.cfg', 'p3.cfg', 'p4.cfg', 'pe1.cfg', 'pe2.cfg']"
COMPARE_BGP_NEIGHBOR_COUNT,Comparison_Analysis,"[정상] leaf1과 leaf4의 BGP 피어 수는 각각 몇 개이며, 차이는 몇 개입니까? [답변 형식: 'leaf1: N개, leaf4: M개, 차이: K개']","leaf1: 0개, leaf4: 0개, 차이: 0개",text,L3,"['leaf1.cfg', 'leaf2.cfg', 'leaf3.cfg', 'leaf4.cfg', 'p1.cfg', 'p2.cfg', 'p3.cfg', 'p4.cfg', 'pe1.cfg', 'pe2.cfg']"
COMPARE_BGP_NEIGHBOR_COUNT,Comparison_Analysis,"[정상] pe1과 pe2의 BGP 피어 수는 각각 몇 개이며, 차이는 몇 개입니까? [답변 형식: 'pe1: N개, pe2: M개, 차이: K개']","pe1: 1개, pe2: 1개, 차이: 0개",text,L3,"['leaf1.cfg', 'leaf2.cfg', 'leaf3.cfg', 'leaf4.cfg', 'p1.cfg', 'p2.cfg', 'p3.cfg', 'p4.cfg', 'pe1.cfg', 'pe2.cfg']"
COMPARE_BGP_NEIGHBOR_COUNT,Comparison_Analysis,"[정상] p4과 pe2의 BGP 피어 수는 각각 몇 개이며, 차이는 몇 개입니까? [답변 형식: 'p4: N개, pe2: M개, 차이: K개']","p4: 0개, pe2: 1개, 차이: 1개",text,L3,"['leaf1.cfg', 'leaf2.cfg', 'leaf3.cfg', 'leaf4.cfg', 'p1.cfg', 'p2.cfg', 'p3.cfg', 'p4.cfg', 'pe1.cfg', 'pe2.cfg']"
COMPARE_BGP_NEIGHBOR_COUNT,Comparison_Analysis,"[정상] leaf2과 leaf3의 BGP 피어 수는 각각 몇 개이며, 차이는 몇 개입니까? [답변 형식: 'leaf2: N개, leaf3: M개, 차이: K개']","leaf2: 0개, leaf3: 0개, 차이: 0개",text,L3,"['leaf1.cfg', 'leaf2.cfg', 'leaf3.cfg', 'leaf4.cfg', 'p1.cfg', 'p2.cfg', 'p3.cfg', 'p4.cfg', 'pe1.cfg', 'pe2.cfg']"
COMPARE_BGP_NEIGHBOR_COUNT,Comparison_Analysis,"[정상] leaf3과 p2의 BGP 피어 수는 각각 몇 개이며, 차이는 몇 개입니까? [답변 형식: 'leaf3: N개, p2: M개, 차이: K개']","leaf3: 0개, p2: 0개, 차이: 0개",text,L3,"['leaf1.cfg', 'leaf2.cfg', 'leaf3.cfg', 'leaf4.cfg', 'p1.cfg', 'p2.cfg', 'p3.cfg', 'p4.cfg', 'pe1.cfg', 'pe2.cfg']"
COMPARE_BGP_NEIGHBOR_COUNT,Comparison_Analysis,"[정상] leaf1과 pe1의 BGP 피어 수는 각각 몇 개이며, 차이는 몇 개입니까? [답변 형식: 'leaf1: N개, pe1: M개, 차이: K개']","leaf1: 0개, pe1: 1개, 차이: 1개",text,L3,"['leaf1.cfg', 'leaf2.cfg', 'leaf3.cfg', 'leaf4.cfg', 'p1.cfg', 'p2.cfg', 'p3.cfg', 'p4.cfg', 'pe1.cfg', 'pe2.cfg']"
COMPARE_BGP_NEIGHBOR_COUNT,Comparison_Analysis,"[정상] leaf2과 leaf4의 BGP 피어 수는 각각 몇 개이며, 차이는 몇 개입니까? [답변 형식: 'leaf2: N개, leaf4: M개, 차이: K개']","leaf2: 0개, leaf4: 0개, 차이: 0개",text,L3,"['leaf1.cfg', 'leaf2.cfg', 'leaf3.cfg', 'leaf4.cfg', 'p1.cfg', 'p2.cfg', 'p3.cfg', 'p4.cfg', 'pe1.cfg', 'pe2.cfg']"
COMPARE_BGP_NEIGHBOR_COUNT,Comparison_Analysis,"[정상] leaf1과 leaf3의 BGP 피어 수는 각각 몇 개이며, 차이는 몇 개입니까? [답변 형식: 'leaf1: N개, leaf3: M개, 차이: K개']","leaf1: 0개, leaf3: 0개, 차이: 0개",text,L3,"['leaf1.cfg', 'leaf2.cfg', 'leaf3.cfg', 'leaf4.cfg', 'p1.cfg', 'p2.cfg', 'p3.cfg', 'p4.cfg', 'pe1.cfg', 'pe2.cfg']"
COMPARE_BGP_NEIGHBOR_COUNT,Comparison_Analysis,"[정상] leaf1과 p2의 BGP 피어 수는 각각 몇 개이며, 차이는 몇 개입니까? [답변 형식: 'leaf1: N개, p2: M개, 차이: K개']","leaf1: 0개, p2: 0개, 차이: 0개",text,L3,"['leaf1.cfg', 'leaf2.cfg', 'leaf3.cfg', 'leaf4.cfg', 'p1.cfg', 'p2.cfg', 'p3.cfg', 'p4.cfg', 'pe1.cfg', 'pe2.cfg']"
COMPARE_BGP_NEIGHBOR_COUNT,Comparison_Analysis,"[정상] leaf3과 pe2의 BGP 피어 수는 각각 몇 개이며, 차이는 몇 개입니까? [답변 형식: 'leaf3: N개, pe2: M개, 차이: K개']","leaf3: 0개, pe2: 1개, 차이: 1개",text,L3,"['leaf1.cfg', 'leaf2.cfg', 'leaf3.cfg', 'leaf4.cfg', 'p1.cfg', 'p2.cfg', 'p3.cfg', 'p4.cfg', 'pe1.cfg', 'pe2.cfg']"
COMPARE_BGP_NEIGHBOR_COUNT,Comparison_Analysis,"[정상] p1과 p2의 BGP 피어 수는 각각 몇 개이며, 차이는 몇 개입니까? [답변 형식: 'p1: N개, p2: M개, 차이: K개']","p1: 0개, p2: 0개, 차이: 0개",text,L3,"['leaf1.cfg', 'leaf2.cfg', 'leaf3.cfg', 'leaf4.cfg', 'p1.cfg', 'p2.cfg', 'p3.cfg', 'p4.cfg', 'pe1.cfg', 'pe2.cfg']"
COMPARE_BGP_NEIGHBOR_COUNT,Comparison_Analysis,"[정상] p2과 pe1의 BGP 피어 수는 각각 몇 개이며, 차이는 몇 개입니까? [답변 형식: 'p2: N개, pe1: M개, 차이: K개']","p2: 0개, pe1: 1개, 차이: 1개",text,L3,"['leaf1.cfg', 'leaf2.cfg', 'leaf3.cfg', 'leaf4.cfg', 'p1.cfg', 'p2.cfg', 'p3.cfg', 'p4.cfg', 'pe1.cfg', 'pe2.cfg']"
COMPARE_BGP_NEIGHBOR_COUNT,Comparison_Analysis,"[정상] p1과 pe1의 BGP 피어 수는 각각 몇 개이며, 차이는 몇 개입니까? [답변 형식: 'p1: N개, pe1: M개, 차이: K개']","p1: 0개, pe1: 1개, 차이: 1개",text,L3,"['leaf1.cfg', 'leaf2.cfg', 'leaf3.cfg', 'leaf4.cfg', 'p1.cfg', 'p2.cfg', 'p3.cfg', 'p4.cfg', 'pe1.cfg', 'pe2.cfg']"
COMPARE_BGP_NEIGHBOR_COUNT,Comparison_Analysis,"[정상] leaf2과 p2의 BGP 피어 수는 각각 몇 개이며, 차이는 몇 개입니까? [답변 형식: 'leaf2: N개, p2: M개, 차이: K개']","leaf2: 0개, p2: 0개, 차이: 0개",text,L3,"['leaf1.cfg', 'leaf2.cfg', 'leaf3.cfg', 'leaf4.cfg', 'p1.cfg', 'p2.cfg', 'p3.cfg', 'p4.cfg', 'pe1.cfg', 'pe2.cfg']"
COMPARE_BGP_NEIGHBOR_COUNT,Comparison_Analysis,"[정상] leaf1과 pe2의 BGP 피어 수는 각각 몇 개이며, 차이는 몇 개입니까? [답변 형식: 'leaf1: N개, pe2: M개, 차이: K개']","leaf1: 0개, pe2: 1개, 차이: 1개",text,L3,"['leaf1.cfg', 'leaf2.cfg', 'leaf3.cfg', 'leaf4.cfg', 'p1.cfg', 'p2.cfg', 'p3.cfg', 'p4.cfg', 'pe1.cfg', 'pe2.cfg']"
COMPARE_BGP_NEIGHBOR_COUNT,Comparison_Analysis,"[정상] leaf1과 p1의 BGP 피어 수는 각각 몇 개이며, 차이는 몇 개입니까? [답변 형식: 'leaf1: N개, p1: M개, 차이: K개']","leaf1: 0개, p1: 0개, 차이: 0개",text,L3,"['leaf1.cfg', 'leaf2.cfg', 'leaf3.cfg', 'leaf4.cfg', 'p1.cfg', 'p2.cfg', 'p3.cfg', 'p4.cfg', 'pe1.cfg', 'pe2.cfg']"
COMPARE_BGP_NEIGHBOR_COUNT,Comparison_Analysis,"[정상] p1과 p3의 BGP 피어 수는 각각 몇 개이며, 차이는 몇 개입니까? [답변 형식: 'p1: N개, p3: M개, 차이: K개']","p1: 0개, p3: 0개, 차이: 0개",text,L3,"['leaf1.cfg', 'leaf2.cfg', 'leaf3.cfg', 'leaf4.cfg', 'p1.cfg', 'p2.cfg', 'p3.cfg', 'p4.cfg', 'pe1.cfg', 'pe2.cfg']"
COMPARE_BGP_NEIGHBOR_COUNT,Comparison_Analysis,"[정상] leaf4과 p4의 BGP 피어 수는 각각 몇 개이며, 차이는 몇 개입니까? [답변 형식: 'leaf4: N개, p4: M개, 차이: K개']","leaf4: 0개, p4: 0개, 차이: 0개",text,L3,"['leaf1.cfg', 'leaf2.cfg', 'leaf3.cfg', 'leaf4.cfg', 'p1.cfg', 'p2.cfg', 'p3.cfg', 'p4.cfg', 'pe1.cfg', 'pe2.cfg']"
COMPARE_BGP_NEIGHBOR_COUNT,Comparison_Analysis,"[정상] leaf4과 p2의 BGP 피어 수는 각각 몇 개이며, 차이는 몇 개입니까? [답변 형식: 'leaf4: N개, p2: M개, 차이: K개']","leaf4: 0개, p2: 0개, 차이: 0개",text,L3,"['leaf1.cfg', 'leaf2.cfg', 'leaf3.cfg', 'leaf4.cfg', 'p1.cfg', 'p2.cfg', 'p3.cfg', 'p4.cfg', 'pe1.cfg', 'pe2.cfg']"
COMPARE_BGP_NEIGHBOR_COUNT,Comparison_Analysis,"[정상] leaf2과 pe1의 BGP 피어 수는 각각 몇 개이며, 차이는 몇 개입니까? [답변 형식: 'leaf2: N개, pe1: M개, 차이: K개']","leaf2: 0개, pe1: 1개, 차이: 1개",text,L3,"['leaf1.cfg', 'leaf2.cfg', 'leaf3.cfg', 'leaf4.cfg', 'p1.cfg', 'p2.cfg', 'p3.cfg', 'p4.cfg', 'pe1.cfg', 'pe2.cfg']"
COMPARE_BGP_NEIGHBOR_COUNT,Comparison_Analysis,"[정상] leaf3과 p4의 BGP 피어 수는 각각 몇 개이며, 차이는 몇 개입니까? [답변 형식: 'leaf3: N개, p4: M개, 차이: K개']","leaf3: 0개, p4: 0개, 차이: 0개",text,L3,"['leaf1.cfg', 'leaf2.cfg', 'leaf3.cfg', 'leaf4.cfg', 'p1.cfg', 'p2.cfg', 'p3.cfg', 'p4.cfg', 'pe1.cfg', 'pe2.cfg']"
COMPARE_BGP_NEIGHBOR_COUNT,Comparison_Analysis,"[정상] p1과 p4의 BGP 피어 수는 각각 몇 개이며, 차이는 몇 개입니까? [답변 형식: 'p1: N개, p4: M개, 차이: K개']","p1: 0개, p4: 0개, 차이: 0개",text,L3,"['leaf1.cfg', 'leaf2.cfg', 'leaf3.cfg', 'leaf4.cfg', 'p1.cfg', 'p2.cfg', 'p3.cfg', 'p4.cfg', 'pe1.cfg', 'pe2.cfg']"
COMPARE_BGP_NEIGHBOR_COUNT,Comparison_Analysis,"[정상] leaf1과 p4의 BGP 피어 수는 각각 몇 개이며, 차이는 몇 개입니까? [답변 형식: 'leaf1: N개, p4: M개, 차이: K개']","leaf1: 0개, p4: 0개, 차이: 0개",text,L3,"['leaf1.cfg', 'leaf2.cfg', 'leaf3.cfg', 'leaf4.cfg', 'p1.cfg', 'p2.cfg', 'p3.cfg', 'p4.cfg', 'pe1.cfg', 'pe2.cfg']"
COMPARE_BGP_NEIGHBOR_COUNT,Comparison_Analysis,"[정상] leaf4과 pe1의 BGP 피어 수는 각각 몇 개이며, 차이는 몇 개입니까? [답변 형식: 'leaf4: N개, pe1: M개, 차이: K개']","leaf4: 0개, pe1: 1개, 차이: 1개",text,L3,"['leaf1.cfg', 'leaf2.cfg', 'leaf3.cfg', 'leaf4.cfg', 'p1.cfg', 'p2.cfg', 'p3.cfg', 'p4.cfg', 'pe1.cfg', 'pe2.cfg']"
COMPARE_BGP_NEIGHBOR_COUNT,Comparison_Analysis,"[정상] p4과 pe1의 BGP 피어 수는 각각 몇 개이며, 차이는 몇 개입니까? [답변 형식: 'p4: N개, pe1: M개, 차이: K개']","p4: 0개, pe1: 1개, 차이: 1개",text,L3,"['leaf1.cfg', 'leaf2.cfg', 'leaf3.cfg', 'leaf4.cfg', 'p1.cfg', 'p2.cfg', 'p3.cfg', 'p4.cfg', 'pe1.cfg', 'pe2.cfg']"
COMPARE_BGP_NEIGHBOR_COUNT,Comparison_Analysis,"[정상] p1과 pe2의 BGP 피어 수는 각각 몇 개이며, 차이는 몇 개입니까? [답변 형식: 'p1: N개, pe2: M개, 차이: K개']","p1: 0개, pe2: 1개, 차이: 1개",text,L3,"['leaf1.cfg', 'leaf2.cfg', 'leaf3.cfg', 'leaf4.cfg', 'p1.cfg', 'p2.cfg', 'p3.cfg', 'p4.cfg', 'pe1.cfg', 'pe2.cfg']"
COMPARE_BGP_NEIGHBOR_COUNT,Comparison_Analysis,"[정상] leaf2과 p4의 BGP 피어 수는 각각 몇 개이며, 차이는 몇 개입니까? [답변 형식: 'leaf2: N개, p4: M개, 차이: K개']","leaf2: 0개, p4: 0개, 차이: 0개",text,L3,"['leaf1.cfg', 'leaf2.cfg', 'leaf3.cfg', 'leaf4.cfg', 'p1.cfg', 'p2.cfg', 'p3.cfg', 'p4.cfg', 'pe1.cfg', 'pe2.cfg']"
COMPARE_BGP_NEIGHBOR_COUNT,Comparison_Analysis,"[정상] leaf3과 p1의 BGP 피어 수는 각각 몇 개이며, 차이는 몇 개입니까? [답변 형식: 'leaf3: N개, p1: M개, 차이: K개']","leaf3: 0개, p1: 0개, 차이: 0개",text,L3,"['leaf1.cfg', 'leaf2.cfg', 'leaf3.cfg', 'leaf4.cfg', 'p1.cfg', 'p2.cfg', 'p3.cfg', 'p4.cfg', 'pe1.cfg', 'pe2.cfg']"
COMPARE_INTERFACE_COUNT,Comparison_Analysis,"[정상] leaf2과 p1의 인터페이스 수는 각각 몇 개이며, 차이는 몇 개입니까? [답변 형식: 'leaf2: N개, p1: M개, 차이: K개']","leaf2: 4개, p1: 5개, 차이: 1개",text,L3,"['leaf1.cfg', 'leaf2.cfg', 'leaf3.cfg', 'leaf4.cfg', 'p1.cfg', 'p2.cfg', 'p3.cfg', 'p4.cfg', 'pe1.cfg', 'pe2.cfg']"
COMPARE_INTERFACE_COUNT,Comparison_Analysis,"[정상] leaf2과 p3의 인터페이스 수는 각각 몇 개이며, 차이는 몇 개입니까? [답변 형식: 'leaf2: N개, p3: M개, 차이: K개']","leaf2: 4개, p3: 5개, 차이: 1개",text,L3,"['leaf1.cfg', 'leaf2.cfg', 'leaf3.cfg', 'leaf4.cfg', 'p1.cfg', 'p2.cfg', 'p3.cfg', 'p4.cfg', 'pe1.cfg', 'pe2.cfg']"
COMPARE_INTERFACE_COUNT,Comparison_Analysis,"[정상] p3과 pe1의 인터페이스 수는 각각 몇 개이며, 차이는 몇 개입니까? [답변 형식: 'p3: N개, pe1: M개, 차이: K개']","p3: 5개, pe1: 5개, 차이: 0개",text,L3,"['leaf1.cfg', 'leaf2.cfg', 'leaf3.cfg', 'leaf4.cfg', 'p1.cfg', 'p2.cfg', 'p3.cfg', 'p4.cfg', 'pe1.cfg', 'pe2.cfg']"
COMPARE_INTERFACE_COUNT,Comparison_Analysis,"[정상] leaf1과 pe1의 인터페이스 수는 각각 몇 개이며, 차이는 몇 개입니까? [답변 형식: 'leaf1: N개, pe1: M개, 차이: K개']","leaf1: 4개, pe1: 5개, 차이: 1개",text,L3,"['leaf1.cfg', 'leaf2.cfg', 'leaf3.cfg', 'leaf4.cfg', 'p1.cfg', 'p2.cfg', 'p3.cfg', 'p4.cfg', 'pe1.cfg', 'pe2.cfg']"
COMPARE_INTERFACE_COUNT,Comparison_Analysis,"[정상] leaf2과 leaf4의 인터페이스 수는 각각 몇 개이며, 차이는 몇 개입니까? [답변 형식: 'leaf2: N개, leaf4: M개, 차이: K개']","leaf2: 4개, leaf4: 4개, 차이: 0개",text,L3,"['leaf1.cfg', 'leaf2.cfg', 'leaf3.cfg', 'leaf4.cfg', 'p1.cfg', 'p2.cfg', 'p3.cfg', 'p4.cfg', 'pe1.cfg', 'pe2.cfg']"
COMPARE_INTERFACE_COUNT,Comparison_Analysis,"[정상] leaf1과 p4의 인터페이스 수는 각각 몇 개이며, 차이는 몇 개입니까? [답변 형식: 'leaf1: N개, p4: M개, 차이: K개']","leaf1: 4개, p4: 5개, 차이: 1개",text,L3,"['leaf1.cfg', 'leaf2.cfg', 'leaf3.cfg', 'leaf4.cfg', 'p1.cfg', 'p2.cfg', 'p3.cfg', 'p4.cfg', 'pe1.cfg', 'pe2.cfg']"
COMPARE_INTERFACE_COUNT,Comparison_Analysis,"[정상] p2과 p3의 인터페이스 수는 각각 몇 개이며, 차이는 몇 개입니까? [답변 형식: 'p2: N개, p3: M개, 차이: K개']","p2: 5개, p3: 5개, 차이: 0개",text,L3,"['leaf1.cfg', 'leaf2.cfg', 'leaf3.cfg', 'leaf4.cfg', 'p1.cfg', 'p2.cfg', 'p3.cfg', 'p4.cfg', 'pe1.cfg', 'pe2.cfg']"
COMPARE_INTERFACE_COUNT,Comparison_Analysis,"[정상] p1과 p3의 인터페이스 수는 각각 몇 개이며, 차이는 몇 개입니까? [답변 형식: 'p1: N개, p3: M개, 차이: K개']","p1: 5개, p3: 5개, 차이: 0개",text,L3,"['leaf1.cfg', 'leaf2.cfg', 'leaf3.cfg', 'leaf4.cfg', 'p1.cfg', 'p2.cfg', 'p3.cfg', 'p4.cfg', 'pe1.cfg', 'pe2.cfg']"
COMPARE_INTERFACE_COUNT,Comparison_Analysis,"[정상] leaf1과 p1의 인터페이스 수는 각각 몇 개이며, 차이는 몇 개입니까? [답변 형식: 'leaf1: N개, p1: M개, 차이: K개']","leaf1: 4개, p1: 5개, 차이: 1개",text,L3,"['leaf1.cfg', 'leaf2.cfg', 'leaf3.cfg', 'leaf4.cfg', 'p1.cfg', 'p2.cfg', 'p3.cfg', 'p4.cfg', 'pe1.cfg', 'pe2.cfg']"
COMPARE_INTERFACE_COUNT,Comparison_Analysis,"[정상] leaf1과 leaf4의 인터페이스 수는 각각 몇 개이며, 차이는 몇 개입니까? [답변 형식: 'leaf1: N개, leaf4: M개, 차이: K개']","leaf1: 4개, leaf4: 4개, 차이: 0개",text,L3,"['leaf1.cfg', 'leaf2.cfg', 'leaf3.cfg', 'leaf4.cfg', 'p1.cfg', 'p2.cfg', 'p3.cfg', 'p4.cfg', 'pe1.cfg', 'pe2.cfg']"
COMPARE_INTERFACE_COUNT,Comparison_Analysis,"[정상] leaf2과 leaf3의 인터페이스 수는 각각 몇 개이며, 차이는 몇 개입니까? [답변 형식: 'leaf2: N개, leaf3: M개, 차이: K개']","leaf2: 4개, leaf3: 4개, 차이: 0개",text,L3,"['leaf1.cfg', 'leaf2.cfg', 'leaf3.cfg', 'leaf4.cfg', 'p1.cfg', 'p2.cfg', 'p3.cfg', 'p4.cfg', 'pe1.cfg', 'pe2.cfg']"
COMPARE_INTERFACE_COUNT,Comparison_Analysis,"[정상] leaf3과 leaf4의 인터페이스 수는 각각 몇 개이며, 차이는 몇 개입니까? [답변 형식: 'leaf3: N개, leaf4: M개, 차이: K개']","leaf3: 4개, leaf4: 4개, 차이: 0개",text,L3,"['leaf1.cfg', 'leaf2.cfg', 'leaf3.cfg', 'leaf4.cfg', 'p1.cfg', 'p2.cfg', 'p3.cfg', 'p4.cfg', 'pe1.cfg', 'pe2.cfg']"
COMPARE_INTERFACE_COUNT,Comparison_Analysis,"[정상] p2과 pe2의 인터페이스 수는 각각 몇 개이며, 차이는 몇 개입니까? [답변 형식: 'p2: N개, pe2: M개, 차이: K개']","p2: 5개, pe2: 5개, 차이: 0개",text,L3,"['leaf1.cfg', 'leaf2.cfg', 'leaf3.cfg', 'leaf4.cfg', 'p1.cfg', 'p2.cfg', 'p3.cfg', 'p4.cfg', 'pe1.cfg', 'pe2.cfg']"
COMPARE_INTERFACE_COUNT,Comparison_Analysis,"[정상] pe1과 pe2의 인터페이스 수는 각각 몇 개이며, 차이는 몇 개입니까? [답변 형식: 'pe1: N개, pe2: M개, 차이: K개']","pe1: 5개, pe2: 5개, 차이: 0개",text,L3,"['leaf1.cfg', 'leaf2.cfg', 'leaf3.cfg', 'leaf4.cfg', 'p1.cfg', 'p2.cfg', 'p3.cfg', 'p4.cfg', 'pe1.cfg', 'pe2.cfg']"
COMPARE_INTERFACE_COUNT,Comparison_Analysis,"[정상] leaf1과 leaf3의 인터페이스 수는 각각 몇 개이며, 차이는 몇 개입니까? [답변 형식: 'leaf1: N개, leaf3: M개, 차이: K개']","leaf1: 4개, leaf3: 4개, 차이: 0개",text,L3,"['leaf1.cfg', 'leaf2.cfg', 'leaf3.cfg', 'leaf4.cfg', 'p1.cfg', 'p2.cfg', 'p3.cfg', 'p4.cfg', 'pe1.cfg', 'pe2.cfg']"
COMPARE_INTERFACE_COUNT,Comparison_Analysis,"[정상] leaf2과 p4의 인터페이스 수는 각각 몇 개이며, 차이는 몇 개입니까? [답변 형식: 'leaf2: N개, p4: M개, 차이: K개']","leaf2: 4개, p4: 5개, 차이: 1개",text,L3,"['leaf1.cfg', 'leaf2.cfg', 'leaf3.cfg', 'leaf4.cfg', 'p1.cfg', 'p2.cfg', 'p3.cfg', 'p4.cfg', 'pe1.cfg', 'pe2.cfg']"
COMPARE_INTERFACE_COUNT,Comparison_Analysis,"[정상] leaf1과 p3의 인터페이스 수는 각각 몇 개이며, 차이는 몇 개입니까? [답변 형식: 'leaf1: N개, p3: M개, 차이: K개']","leaf1: 4개, p3: 5개, 차이: 1개",text,L3,"['leaf1.cfg', 'leaf2.cfg', 'leaf3.cfg', 'leaf4.cfg', 'p1.cfg', 'p2.cfg', 'p3.cfg', 'p4.cfg', 'pe1.cfg', 'pe2.cfg']"
COMPARE_INTERFACE_COUNT,Comparison_Analysis,"[정상] leaf3과 pe1의 인터페이스 수는 각각 몇 개이며, 차이는 몇 개입니까? [답변 형식: 'leaf3: N개, pe1: M개, 차이: K개']","leaf3: 4개, pe1: 5개, 차이: 1개",text,L3,"['leaf1.cfg', 'leaf2.cfg', 'leaf3.cfg', 'leaf4.cfg', 'p1.cfg', 'p2.cfg', 'p3.cfg', 'p4.cfg', 'pe1.cfg', 'pe2.cfg']"
COMPARE_INTERFACE_COUNT,Comparison_Analysis,"[정상] leaf3과 p2의 인터페이스 수는 각각 몇 개이며, 차이는 몇 개입니까? [답변 형식: 'leaf3: N개, p2: M개, 차이: K개']","leaf3: 4개, p2: 5개, 차이: 1개",text,L3,"['leaf1.cfg', 'leaf2.cfg', 'leaf3.cfg', 'leaf4.cfg', 'p1.cfg', 'p2.cfg', 'p3.cfg', 'p4.cfg', 'pe1.cfg', 'pe2.cfg']"
COMPARE_INTERFACE_COUNT,Comparison_Analysis,"[정상] leaf1과 leaf2의 인터페이스 수는 각각 몇 개이며, 차이는 몇 개입니까? [답변 형식: 'leaf1: N개, leaf2: M개, 차이: K개']","leaf1: 4개, leaf2: 4개, 차이: 0개",text,L3,"['leaf1.cfg', 'leaf2.cfg', 'leaf3.cfg', 'leaf4.cfg', 'p1.cfg', 'p2.cfg', 'p3.cfg', 'p4.cfg', 'pe1.cfg', 'pe2.cfg']"
COMPARE_INTERFACE_COUNT,Comparison_Analysis,"[정상] p2과 pe1의 인터페이스 수는 각각 몇 개이며, 차이는 몇 개입니까? [답변 형식: 'p2: N개, pe1: M개, 차이: K개']","p2: 5개, pe1: 5개, 차이: 0개",text,L3,"['leaf1.cfg', 'leaf2.cfg', 'leaf3.cfg', 'leaf4.cfg', 'p1.cfg', 'p2.cfg', 'p3.cfg', 'p4.cfg', 'pe1.cfg', 'pe2.cfg']"
COMPARE_INTERFACE_COUNT,Comparison_Analysis,"[정상] leaf1과 pe2의 인터페이스 수는 각각 몇 개이며, 차이는 몇 개입니까? [답변 형식: 'leaf1: N개, pe2: M개, 차이: K개']","leaf1: 4개, pe2: 5개, 차이: 1개",text,L3,"['leaf1.cfg', 'leaf2.cfg', 'leaf3.cfg', 'leaf4.cfg', 'p1.cfg', 'p2.cfg', 'p3.cfg', 'p4.cfg', 'pe1.cfg', 'pe2.cfg']"
COMPARE_INTERFACE_COUNT,Comparison_Analysis,"[정상] p1과 p2의 인터페이스 수는 각각 몇 개이며, 차이는 몇 개입니까? [답변 형식: 'p1: N개, p2: M개, 차이: K개']","p1: 5개, p2: 5개, 차이: 0개",text,L3,"['leaf1.cfg', 'leaf2.cfg', 'leaf3.cfg', 'leaf4.cfg', 'p1.cfg', 'p2.cfg', 'p3.cfg', 'p4.cfg', 'pe1.cfg', 'pe2.cfg']"
COMPARE_INTERFACE_COUNT,Comparison_Analysis,"[정상] leaf4과 p4의 인터페이스 수는 각각 몇 개이며, 차이는 몇 개입니까? [답변 형식: 'leaf4: N개, p4: M개, 차이: K개']","leaf4: 4개, p4: 5개, 차이: 1개",text,L3,"['leaf1.cfg', 'leaf2.cfg', 'leaf3.cfg', 'leaf4.cfg', 'p1.cfg', 'p2.cfg', 'p3.cfg', 'p4.cfg', 'pe1.cfg', 'pe2.cfg']"
COMPARE_INTERFACE_COUNT,Comparison_Analysis,"[정상] leaf3과 p4의 인터페이스 수는 각각 몇 개이며, 차이는 몇 개입니까? [답변 형식: 'leaf3: N개, p4: M개, 차이: K개']","leaf3: 4개, p4: 5개, 차이: 1개",text,L3,"['leaf1.cfg', 'leaf2.cfg', 'leaf3.cfg', 'leaf4.cfg', 'p1.cfg', 'p2.cfg', 'p3.cfg', 'p4.cfg', 'pe1.cfg', 'pe2.cfg']"
COMPARE_INTERFACE_COUNT,Comparison_Analysis,"[정상] leaf1과 p2의 인터페이스 수는 각각 몇 개이며, 차이는 몇 개입니까? [답변 형식: 'leaf1: N개, p2: M개, 차이: K개']","leaf1: 4개, p2: 5개, 차이: 1개",text,L3,"['leaf1.cfg', 'leaf2.cfg', 'leaf3.cfg', 'leaf4.cfg', 'p1.cfg', 'p2.cfg', 'p3.cfg', 'p4.cfg', 'pe1.cfg', 'pe2.cfg']"
COMPARE_INTERFACE_COUNT,Comparison_Analysis,"[정상] p4과 pe1의 인터페이스 수는 각각 몇 개이며, 차이는 몇 개입니까? [답변 형식: 'p4: N개, pe1: M개, 차이: K개']","p4: 5개, pe1: 5개, 차이: 0개",text,L3,"['leaf1.cfg', 'leaf2.cfg', 'leaf3.cfg', 'leaf4.cfg', 'p1.cfg', 'p2.cfg', 'p3.cfg', 'p4.cfg', 'pe1.cfg', 'pe2.cfg']"
COMPARE_INTERFACE_COUNT,Comparison_Analysis,"[정상] leaf4과 p2의 인터페이스 수는 각각 몇 개이며, 차이는 몇 개입니까? [답변 형식: 'leaf4: N개, p2: M개, 차이: K개']","leaf4: 4개, p2: 5개, 차이: 1개",text,L3,"['leaf1.cfg', 'leaf2.cfg', 'leaf3.cfg', 'leaf4.cfg', 'p1.cfg', 'p2.cfg', 'p3.cfg', 'p4.cfg', 'pe1.cfg', 'pe2.cfg']"
COMPARE_INTERFACE_COUNT,Comparison_Analysis,"[정상] leaf2과 p2의 인터페이스 수는 각각 몇 개이며, 차이는 몇 개입니까? [답변 형식: 'leaf2: N개, p2: M개, 차이: K개']","leaf2: 4개, p2: 5개, 차이: 1개",text,L3,"['leaf1.cfg', 'leaf2.cfg', 'leaf3.cfg', 'leaf4.cfg', 'p1.cfg', 'p2.cfg', 'p3.cfg', 'p4.cfg', 'pe1.cfg', 'pe2.cfg']"
COMPARE_INTERFACE_COUNT,Comparison_Analysis,"[정상] p1과 p4의 인터페이스 수는 각각 몇 개이며, 차이는 몇 개입니까? [답변 형식: 'p1: N개, p4: M개, 차이: K개']","p1: 5개, p4: 5개, 차이: 0개",text,L3,"['leaf1.cfg', 'leaf2.cfg', 'leaf3.cfg', 'leaf4.cfg', 'p1.cfg', 'p2.cfg', 'p3.cfg', 'p4.cfg', 'pe1.cfg', 'pe2.cfg']"
COMPARE_INTERFACE_COUNT,Comparison_Analysis,"[정상] p3과 p4의 인터페이스 수는 각각 몇 개이며, 차이는 몇 개입니까? [답변 형식: 'p3: N개, p4: M개, 차이: K개']","p3: 5개, p4: 5개, 차이: 0개",text,L3,"['leaf1.cfg', 'leaf2.cfg', 'leaf3.cfg', 'leaf4.cfg', 'p1.cfg', 'p2.cfg', 'p3.cfg', 'p4.cfg', 'pe1.cfg', 'pe2.cfg']"
COMPARE_INTERFACE_COUNT,Comparison_Analysis,"[정상] leaf4과 p3의 인터페이스 수는 각각 몇 개이며, 차이는 몇 개입니까? [답변 형식: 'leaf4: N개, p3: M개, 차이: K개']","leaf4: 4개, p3: 5개, 차이: 1개",text,L3,"['leaf1.cfg', 'leaf2.cfg', 'leaf3.cfg', 'leaf4.cfg', 'p1.cfg', 'p2.cfg', 'p3.cfg', 'p4.cfg', 'pe1.cfg', 'pe2.cfg']"
COMPARE_INTERFACE_COUNT,Comparison_Analysis,"[정상] leaf4과 pe1의 인터페이스 수는 각각 몇 개이며, 차이는 몇 개입니까? [답변 형식: 'leaf4: N개, pe1: M개, 차이: K개']","leaf4: 4개, pe1: 5개, 차이: 1개",text,L3,"['leaf1.cfg', 'leaf2.cfg', 'leaf3.cfg', 'leaf4.cfg', 'p1.cfg', 'p2.cfg', 'p3.cfg', 'p4.cfg', 'pe1.cfg', 'pe2.cfg']"
COMPARE_INTERFACE_COUNT,Comparison_Analysis,"[정상] p3과 pe2의 인터페이스 수는 각각 몇 개이며, 차이는 몇 개입니까? [답변 형식: 'p3: N개, pe2: M개, 차이: K개']","p3: 5개, pe2: 5개, 차이: 0개",text,L3,"['leaf1.cfg', 'leaf2.cfg', 'leaf3.cfg', 'leaf4.cfg', 'p1.cfg', 'p2.cfg', 'p3.cfg', 'p4.cfg', 'pe1.cfg', 'pe2.cfg']"
COMPARE_INTERFACE_COUNT,Comparison_Analysis,"[정상] leaf4과 p1의 인터페이스 수는 각각 몇 개이며, 차이는 몇 개입니까? [답변 형식: 'leaf4: N개, p1: M개, 차이: K개']","leaf4: 4개, p1: 5개, 차이: 1개",text,L3,"['leaf1.cfg', 'leaf2.cfg', 'leaf3.cfg', 'leaf4.cfg', 'p1.cfg', 'p2.cfg', 'p3.cfg', 'p4.cfg', 'pe1.cfg', 'pe2.cfg']"
COMPARE_INTERFACE_COUNT,Comparison_Analysis,"[정상] leaf2과 pe2의 인터페이스 수는 각각 몇 개이며, 차이는 몇 개입니까? [답변 형식: 'leaf2: N개, pe2: M개, 차이: K개']","leaf2: 4개, pe2: 5개, 차이: 1개",text,L3,"['leaf1.cfg', 'leaf2.cfg', 'leaf3.cfg', 'leaf4.cfg', 'p1.cfg', 'p2.cfg', 'p3.cfg', 'p4.cfg', 'pe1.cfg', 'pe2.cfg']"
COMPARE_INTERFACE_COUNT,Comparison_Analysis,"[정상] leaf3과 p1의 인터페이스 수는 각각 몇 개이며, 차이는 몇 개입니까? [답변 형식: 'leaf3: N개, p1: M개, 차이: K개']","leaf3: 4개, p1: 5개, 차이: 1개",text,L3,"['leaf1.cfg', 'leaf2.cfg', 'leaf3.cfg', 'leaf4.cfg', 'p1.cfg', 'p2.cfg', 'p3.cfg', 'p4.cfg', 'pe1.cfg', 'pe2.cfg']"
COMPARE_INTERFACE_COUNT,Comparison_Analysis,"[정상] p1과 pe1의 인터페이스 수는 각각 몇 개이며, 차이는 몇 개입니까? [답변 형식: 'p1: N개, pe1: M개, 차이: K개']","p1: 5개, pe1: 5개, 차이: 0개",text,L3,"['leaf1.cfg', 'leaf2.cfg', 'leaf3.cfg', 'leaf4.cfg', 'p1.cfg', 'p2.cfg', 'p3.cfg', 'p4.cfg', 'pe1.cfg', 'pe2.cfg']"
COMPARE_INTERFACE_COUNT,Comparison_Analysis,"[정상] leaf4과 pe2의 인터페이스 수는 각각 몇 개이며, 차이는 몇 개입니까? [답변 형식: 'leaf4: N개, pe2: M개, 차이: K개']","leaf4: 4개, pe2: 5개, 차이: 1개",text,L3,"['leaf1.cfg', 'leaf2.cfg', 'leaf3.cfg', 'leaf4.cfg', 'p1.cfg', 'p2.cfg', 'p3.cfg', 'p4.cfg', 'pe1.cfg', 'pe2.cfg']"
COMPARE_INTERFACE_COUNT,Comparison_Analysis,"[정상] p2과 p4의 인터페이스 수는 각각 몇 개이며, 차이는 몇 개입니까? [답변 형식: 'p2: N개, p4: M개, 차이: K개']","p2: 5개, p4: 5개, 차이: 0개",text,L3,"['leaf1.cfg', 'leaf2.cfg', 'leaf3.cfg', 'leaf4.cfg', 'p1.cfg', 'p2.cfg', 'p3.cfg', 'p4.cfg', 'pe1.cfg', 'pe2.cfg']"
COMPARE_INTERFACE_COUNT,Comparison_Analysis,"[정상] p1과 pe2의 인터페이스 수는 각각 몇 개이며, 차이는 몇 개입니까? [답변 형식: 'p1: N개, pe2: M개, 차이: K개']","p1: 5개, pe2: 5개, 차이: 0개",text,L3,"['leaf1.cfg', 'leaf2.cfg', 'leaf3.cfg', 'leaf4.cfg', 'p1.cfg', 'p2.cfg', 'p3.cfg', 'p4.cfg', 'pe1.cfg', 'pe2.cfg']"
COMPARE_INTERFACE_COUNT,Comparison_Analysis,"[정상] leaf2과 pe1의 인터페이스 수는 각각 몇 개이며, 차이는 몇 개입니까? [답변 형식: 'leaf2: N개, pe1: M개, 차이: K개']","leaf2: 4개, pe1: 5개, 차이: 1개",text,L3,"['leaf1.cfg', 'leaf2.cfg', 'leaf3.cfg', 'leaf4.cfg', 'p1.cfg', 'p2.cfg', 'p3.cfg', 'p4.cfg', 'pe1.cfg', 'pe2.cfg']"
COMPARE_INTERFACE_COUNT,Comparison_Analysis,"[정상] p4과 pe2의 인터페이스 수는 각각 몇 개이며, 차이는 몇 개입니까? [답변 형식: 'p4: N개, pe2: M개, 차이: K개']","p4: 5개, pe2: 5개, 차이: 0개",text,L3,"['leaf1.cfg', 'leaf2.cfg', 'leaf3.cfg', 'leaf4.cfg', 'p1.cfg', 'p2.cfg', 'p3.cfg', 'p4.cfg', 'pe1.cfg', 'pe2.cfg']"
COMPARE_INTERFACE_COUNT,Comparison_Analysis,"[정상] leaf3과 pe2의 인터페이스 수는 각각 몇 개이며, 차이는 몇 개입니까? [답변 형식: 'leaf3: N개, pe2: M개, 차이: K개']","leaf3: 4개, pe2: 5개, 차이: 1개",text,L3,"['leaf1.cfg', 'leaf2.cfg', 'leaf3.cfg', 'leaf4.cfg', 'p1.cfg', 'p2.cfg', 'p3.cfg', 'p4.cfg', 'pe1.cfg', 'pe2.cfg']"
COMPARE_INTERFACE_COUNT,Comparison_Analysis,"[정상] leaf3과 p3의 인터페이스 수는 각각 몇 개이며, 차이는 몇 개입니까? [답변 형식: 'leaf3: N개, p3: M개, 차이: K개']","leaf3: 4개, p3: 5개, 차이: 1개",text,L3,"['leaf1.cfg', 'leaf2.cfg', 'leaf3.cfg', 'leaf4.cfg', 'p1.cfg', 'p2.cfg', 'p3.cfg', 'p4.cfg', 'pe1.cfg', 'pe2.cfg']"
COMPARE_VRF_COUNT,Comparison_Analysis,"[정상] leaf1과 pe1의 VRF 수는 각각 몇 개이며, 차이는 몇 개입니까? [답변 형식: 'leaf1: N개, pe1: M개, 차이: K개']","leaf1: 0개, pe1: 6개, 차이: 6개",text,L3,"['leaf1.cfg', 'leaf2.cfg', 'leaf3.cfg', 'leaf4.cfg', 'p1.cfg', 'p2.cfg', 'p3.cfg', 'p4.cfg', 'pe1.cfg', 'pe2.cfg']"
COMPARE_VRF_COUNT,Comparison_Analysis,"[정상] leaf2과 p4의 VRF 수는 각각 몇 개이며, 차이는 몇 개입니까? [답변 형식: 'leaf2: N개, p4: M개, 차이: K개']","leaf2: 0개, p4: 0개, 차이: 0개",text,L3,"['leaf1.cfg', 'leaf2.cfg', 'leaf3.cfg', 'leaf4.cfg', 'p1.cfg', 'p2.cfg', 'p3.cfg', 'p4.cfg', 'pe1.cfg', 'pe2.cfg']"
COMPARE_VRF_COUNT,Comparison_Analysis,"[정상] leaf1과 p2의 VRF 수는 각각 몇 개이며, 차이는 몇 개입니까? [답변 형식: 'leaf1: N개, p2: M개, 차이: K개']","leaf1: 0개, p2: 0개, 차이: 0개",text,L3,"['leaf1.cfg', 'leaf2.cfg', 'leaf3.cfg', 'leaf4.cfg', 'p1.cfg', 'p2.cfg', 'p3.cfg', 'p4.cfg', 'pe1.cfg', 'pe2.cfg']"
COMPARE_VRF_COUNT,Comparison_Analysis,"[정상] p2과 p3의 VRF 수는 각각 몇 개이며, 차이는 몇 개입니까? [답변 형식: 'p2: N개, p3: M개, 차이: K개']","p2: 0개, p3: 0개, 차이: 0개",text,L3,"['leaf1.cfg', 'leaf2.cfg', 'leaf3.cfg', 'leaf4.cfg', 'p1.cfg', 'p2.cfg', 'p3.cfg', 'p4.cfg', 'pe1.cfg', 'pe2.cfg']"
COMPARE_VRF_COUNT,Comparison_Analysis,"[정상] p1과 p4의 VRF 수는 각각 몇 개이며, 차이는 몇 개입니까? [답변 형식: 'p1: N개, p4: M개, 차이: K개']","p1: 0개, p4: 0개, 차이: 0개",text,L3,"['leaf1.cfg', 'leaf2.cfg', 'leaf3.cfg', 'leaf4.cfg', 'p1.cfg', 'p2.cfg', 'p3.cfg', 'p4.cfg', 'pe1.cfg', 'pe2.cfg']"
COMPARE_VRF_COUNT,Comparison_Analysis,"[정상] leaf1과 p3의 VRF 수는 각각 몇 개이며, 차이는 몇 개입니까? [답변 형식: 'leaf1: N개, p3: M개, 차이: K개']","leaf1: 0개, p3: 0개, 차이: 0개",text,L3,"['leaf1.cfg', 'leaf2.cfg', 'leaf3.cfg', 'leaf4.cfg', 'p1.cfg', 'p2.cfg', 'p3.cfg', 'p4.cfg', 'pe1.cfg', 'pe2.cfg']"
COMPARE_VRF_COUNT,Comparison_Analysis,"[정상] leaf4과 p3의 VRF 수는 각각 몇 개이며, 차이는 몇 개입니까? [답변 형식: 'leaf4: N개, p3: M개, 차이: K개']","leaf4: 0개, p3: 0개, 차이: 0개",text,L3,"['leaf1.cfg', 'leaf2.cfg', 'leaf3.cfg', 'leaf4.cfg', 'p1.cfg', 'p2.cfg', 'p3.cfg', 'p4.cfg', 'pe1.cfg', 'pe2.cfg']"
COMPARE_VRF_COUNT,Comparison_Analysis,"[정상] leaf4과 p2의 VRF 수는 각각 몇 개이며, 차이는 몇 개입니까? [답변 형식: 'leaf4: N개, p2: M개, 차이: K개']","leaf4: 0개, p2: 0개, 차이: 0개",text,L3,"['leaf1.cfg', 'leaf2.cfg', 'leaf3.cfg', 'leaf4.cfg', 'p1.cfg', 'p2.cfg', 'p3.cfg', 'p4.cfg', 'pe1.cfg', 'pe2.cfg']"
COMPARE_VRF_COUNT,Comparison_Analysis,"[정상] p1과 pe1의 VRF 수는 각각 몇 개이며, 차이는 몇 개입니까? [답변 형식: 'p1: N개, pe1: M개, 차이: K개']","p1: 0개, pe1: 6개, 차이: 6개",text,L3,"['leaf1.cfg', 'leaf2.cfg', 'leaf3.cfg', 'leaf4.cfg', 'p1.cfg', 'p2.cfg', 'p3.cfg', 'p4.cfg', 'pe1.cfg', 'pe2.cfg']"
COMPARE_VRF_COUNT,Comparison_Analysis,"[정상] p4과 pe2의 VRF 수는 각각 몇 개이며, 차이는 몇 개입니까? [답변 형식: 'p4: N개, pe2: M개, 차이: K개']","p4: 0개, pe2: 6개, 차이: 6개",text,L3,"['leaf1.cfg', 'leaf2.cfg', 'leaf3.cfg', 'leaf4.cfg', 'p1.cfg', 'p2.cfg', 'p3.cfg', 'p4.cfg', 'pe1.cfg', 'pe2.cfg']"
COMPARE_VRF_COUNT,Comparison_Analysis,"[정상] p3과 pe1의 VRF 수는 각각 몇 개이며, 차이는 몇 개입니까? [답변 형식: 'p3: N개, pe1: M개, 차이: K개']","p3: 0개, pe1: 6개, 차이: 6개",text,L3,"['leaf1.cfg', 'leaf2.cfg', 'leaf3.cfg', 'leaf4.cfg', 'p1.cfg', 'p2.cfg', 'p3.cfg', 'p4.cfg', 'pe1.cfg', 'pe2.cfg']"
COMPARE_VRF_COUNT,Comparison_Analysis,"[정상] leaf2과 p3의 VRF 수는 각각 몇 개이며, 차이는 몇 개입니까? [답변 형식: 'leaf2: N개, p3: M개, 차이: K개']","leaf2: 0개, p3: 0개, 차이: 0개",text,L3,"['leaf1.cfg', 'leaf2.cfg', 'leaf3.cfg', 'leaf4.cfg', 'p1.cfg', 'p2.cfg', 'p3.cfg', 'p4.cfg', 'pe1.cfg', 'pe2.cfg']"
COMPARE_VRF_COUNT,Comparison_Analysis,"[정상] p2과 pe1의 VRF 수는 각각 몇 개이며, 차이는 몇 개입니까? [답변 형식: 'p2: N개, pe1: M개, 차이: K개']","p2: 0개, pe1: 6개, 차이: 6개",text,L3,"['leaf1.cfg', 'leaf2.cfg', 'leaf3.cfg', 'leaf4.cfg', 'p1.cfg', 'p2.cfg', 'p3.cfg', 'p4.cfg', 'pe1.cfg', 'pe2.cfg']"
COMPARE_VRF_COUNT,Comparison_Analysis,"[정상] leaf1과 leaf2의 VRF 수는 각각 몇 개이며, 차이는 몇 개입니까? [답변 형식: 'leaf1: N개, leaf2: M개, 차이: K개']","leaf1: 0개, leaf2: 0개, 차이: 0개",text,L3,"['leaf1.cfg', 'leaf2.cfg', 'leaf3.cfg', 'leaf4.cfg', 'p1.cfg', 'p2.cfg', 'p3.cfg', 'p4.cfg', 'pe1.cfg', 'pe2.cfg']"
COMPARE_VRF_COUNT,Comparison_Analysis,"[정상] leaf1과 leaf4의 VRF 수는 각각 몇 개이며, 차이는 몇 개입니까? [답변 형식: 'leaf1: N개, leaf4: M개, 차이: K개']","leaf1: 0개, leaf4: 0개, 차이: 0개",text,L3,"['leaf1.cfg', 'leaf2.cfg', 'leaf3.cfg', 'leaf4.cfg', 'p1.cfg', 'p2.cfg', 'p3.cfg', 'p4.cfg', 'pe1.cfg', 'pe2.cfg']"
COMPARE_VRF_COUNT,Comparison_Analysis,"[정상] leaf2과 pe1의 VRF 수는 각각 몇 개이며, 차이는 몇 개입니까? [답변 형식: 'leaf2: N개, pe1: M개, 차이: K개']","leaf2: 0개, pe1: 6개, 차이: 6개",text,L3,"['leaf1.cfg', 'leaf2.cfg', 'leaf3.cfg', 'leaf4.cfg', 'p1.cfg', 'p2.cfg', 'p3.cfg', 'p4.cfg', 'pe1.cfg', 'pe2.cfg']"
COMPARE_VRF_COUNT,Comparison_Analysis,"[정상] p2과 pe2의 VRF 수는 각각 몇 개이며, 차이는 몇 개입니까? [답변 형식: 'p2: N개, pe2: M개, 차이: K개']","p2: 0개, pe2: 6개, 차이: 6개",text,L3,"['leaf1.cfg', 'leaf2.cfg', 'leaf3.cfg', 'leaf4.cfg', 'p1.cfg', 'p2.cfg', 'p3.cfg', 'p4.cfg', 'pe1.cfg', 'pe2.cfg']"
COMPARE_VRF_COUNT,Comparison_Analysis,"[정상] leaf2과 leaf4의 VRF 수는 각각 몇 개이며, 차이는 몇 개입니까? [답변 형식: 'leaf2: N개, leaf4: M개, 차이: K개']","leaf2: 0개, leaf4: 0개, 차이: 0개",text,L3,"['leaf1.cfg', 'leaf2.cfg', 'leaf3.cfg', 'leaf4.cfg', 'p1.cfg', 'p2.cfg', 'p3.cfg', 'p4.cfg', 'pe1.cfg', 'pe2.cfg']"
COMPARE_VRF_COUNT,Comparison_Analysis,"[정상] leaf4과 pe1의 VRF 수는 각각 몇 개이며, 차이는 몇 개입니까? [답변 형식: 'leaf4: N개, pe1: M개, 차이: K개']","leaf4: 0개, pe1: 6개, 차이: 6개",text,L3,"['leaf1.cfg', 'leaf2.cfg', 'leaf3.cfg', 'leaf4.cfg', 'p1.cfg', 'p2.cfg', 'p3.cfg', 'p4.cfg', 'pe1.cfg', 'pe2.cfg']"
COMPARE_VRF_COUNT,Comparison_Analysis,"[정상] leaf3과 p1의 VRF 수는 각각 몇 개이며, 차이는 몇 개입니까? [답변 형식: 'leaf3: N개, p1: M개, 차이: K개']","leaf3: 0개, p1: 0개, 차이: 0개",text,L3,"['leaf1.cfg', 'leaf2.cfg', 'leaf3.cfg', 'leaf4.cfg', 'p1.cfg', 'p2.cfg', 'p3.cfg', 'p4.cfg', 'pe1.cfg', 'pe2.cfg']"
COMPARE_VRF_COUNT,Comparison_Analysis,"[정상] leaf3과 p3의 VRF 수는 각각 몇 개이며, 차이는 몇 개입니까? [답변 형식: 'leaf3: N개, p3: M개, 차이: K개']","leaf3: 0개, p3: 0개, 차이: 0개",text,L3,"['leaf1.cfg', 'leaf2.cfg', 'leaf3.cfg', 'leaf4.cfg', 'p1.cfg', 'p2.cfg', 'p3.cfg', 'p4.cfg', 'pe1.cfg', 'pe2.cfg']"
COMPARE_VRF_COUNT,Comparison_Analysis,"[정상] leaf3과 leaf4의 VRF 수는 각각 몇 개이며, 차이는 몇 개입니까? [답변 형식: 'leaf3: N개, leaf4: M개, 차이: K개']","leaf3: 0개, leaf4: 0개, 차이: 0개",text,L3,"['leaf1.cfg', 'leaf2.cfg', 'leaf3.cfg', 'leaf4.cfg', 'p1.cfg', 'p2.cfg', 'p3.cfg', 'p4.cfg', 'pe1.cfg', 'pe2.cfg']"
COMPARE_VRF_COUNT,Comparison_Analysis,"[정상] leaf2과 p2의 VRF 수는 각각 몇 개이며, 차이는 몇 개입니까? [답변 형식: 'leaf2: N개, p2: M개, 차이: K개']","leaf2: 0개, p2: 0개, 차이: 0개",text,L3,"['leaf1.cfg', 'leaf2.cfg', 'leaf3.cfg', 'leaf4.cfg', 'p1.cfg', 'p2.cfg', 'p3.cfg', 'p4.cfg', 'pe1.cfg', 'pe2.cfg']"
COMPARE_VRF_COUNT,Comparison_Analysis,"[정상] leaf4과 pe2의 VRF 수는 각각 몇 개이며, 차이는 몇 개입니까? [답변 형식: 'leaf4: N개, pe2: M개, 차이: K개']","leaf4: 0개, pe2: 6개, 차이: 6개",text,L3,"['leaf1.cfg', 'leaf2.cfg', 'leaf3.cfg', 'leaf4.cfg', 'p1.cfg', 'p2.cfg', 'p3.cfg', 'p4.cfg', 'pe1.cfg', 'pe2.cfg']"
COMPARE_VRF_COUNT,Comparison_Analysis,"[정상] pe1과 pe2의 VRF 수는 각각 몇 개이며, 차이는 몇 개입니까? [답변 형식: 'pe1: N개, pe2: M개, 차이: K개']","pe1: 6개, pe2: 6개, 차이: 0개",text,L3,"['leaf1.cfg', 'leaf2.cfg', 'leaf3.cfg', 'leaf4.cfg', 'p1.cfg', 'p2.cfg', 'p3.cfg', 'p4.cfg', 'pe1.cfg', 'pe2.cfg']"
COMPARE_VRF_COUNT,Comparison_Analysis,"[정상] leaf3과 p4의 VRF 수는 각각 몇 개이며, 차이는 몇 개입니까? [답변 형식: 'leaf3: N개, p4: M개, 차이: K개']","leaf3: 0개, p4: 0개, 차이: 0개",text,L3,"['leaf1.cfg', 'leaf2.cfg', 'leaf3.cfg', 'leaf4.cfg', 'p1.cfg', 'p2.cfg', 'p3.cfg', 'p4.cfg', 'pe1.cfg', 'pe2.cfg']"
COMPARE_VRF_COUNT,Comparison_Analysis,"[정상] p1과 p2의 VRF 수는 각각 몇 개이며, 차이는 몇 개입니까? [답변 형식: 'p1: N개, p2: M개, 차이: K개']","p1: 0개, p2: 0개, 차이: 0개",text,L3,"['leaf1.cfg', 'leaf2.cfg', 'leaf3.cfg', 'leaf4.cfg', 'p1.cfg', 'p2.cfg', 'p3.cfg', 'p4.cfg', 'pe1.cfg', 'pe2.cfg']"
COMPARE_VRF_COUNT,Comparison_Analysis,"[정상] leaf4과 p1의 VRF 수는 각각 몇 개이며, 차이는 몇 개입니까? [답변 형식: 'leaf4: N개, p1: M개, 차이: K개']","leaf4: 0개, p1: 0개, 차이: 0개",text,L3,"['leaf1.cfg', 'leaf2.cfg', 'leaf3.cfg', 'leaf4.cfg', 'p1.cfg', 'p2.cfg', 'p3.cfg', 'p4.cfg', 'pe1.cfg', 'pe2.cfg']"
COMPARE_VRF_COUNT,Comparison_Analysis,"[정상] leaf3과 pe2의 VRF 수는 각각 몇 개이며, 차이는 몇 개입니까? [답변 형식: 'leaf3: N개, pe2: M개, 차이: K개']","leaf3: 0개, pe2: 6개, 차이: 6개",text,L3,"['leaf1.cfg', 'leaf2.cfg', 'leaf3.cfg', 'leaf4.cfg', 'p1.cfg', 'p2.cfg', 'p3.cfg', 'p4.cfg', 'pe1.cfg', 'pe2.cfg']"
COMPARE_VRF_COUNT,Comparison_Analysis,"[정상] leaf2과 pe2의 VRF 수는 각각 몇 개이며, 차이는 몇 개입니까? [답변 형식: 'leaf2: N개, pe2: M개, 차이: K개']","leaf2: 0개, pe2: 6개, 차이: 6개",text,L3,"['leaf1.cfg', 'leaf2.cfg', 'leaf3.cfg', 'leaf4.cfg', 'p1.cfg', 'p2.cfg', 'p3.cfg', 'p4.cfg', 'pe1.cfg', 'pe2.cfg']"
COMPARE_VRF_COUNT,Comparison_Analysis,"[정상] leaf3과 p2의 VRF 수는 각각 몇 개이며, 차이는 몇 개입니까? [답변 형식: 'leaf3: N개, p2: M개, 차이: K개']","leaf3: 0개, p2: 0개, 차이: 0개",text,L3,"['leaf1.cfg', 'leaf2.cfg', 'leaf3.cfg', 'leaf4.cfg', 'p1.cfg', 'p2.cfg', 'p3.cfg', 'p4.cfg', 'pe1.cfg', 'pe2.cfg']"
COMPARE_VRF_COUNT,Comparison_Analysis,"[정상] p3과 p4의 VRF 수는 각각 몇 개이며, 차이는 몇 개입니까? [답변 형식: 'p3: N개, p4: M개, 차이: K개']","p3: 0개, p4: 0개, 차이: 0개",text,L3,"['leaf1.cfg', 'leaf2.cfg', 'leaf3.cfg', 'leaf4.cfg', 'p1.cfg', 'p2.cfg', 'p3.cfg', 'p4.cfg', 'pe1.cfg', 'pe2.cfg']"
COMPARE_VRF_COUNT,Comparison_Analysis,"[정상] leaf1과 p4의 VRF 수는 각각 몇 개이며, 차이는 몇 개입니까? [답변 형식: 'leaf1: N개, p4: M개, 차이: K개']","leaf1: 0개, p4: 0개, 차이: 0개",text,L3,"['leaf1.cfg', 'leaf2.cfg', 'leaf3.cfg', 'leaf4.cfg', 'p1.cfg', 'p2.cfg', 'p3.cfg', 'p4.cfg', 'pe1.cfg', 'pe2.cfg']"
COMPARE_VRF_COUNT,Comparison_Analysis,"[정상] leaf1과 p1의 VRF 수는 각각 몇 개이며, 차이는 몇 개입니까? [답변 형식: 'leaf1: N개, p1: M개, 차이: K개']","leaf1: 0개, p1: 0개, 차이: 0개",text,L3,"['leaf1.cfg', 'leaf2.cfg', 'leaf3.cfg', 'leaf4.cfg', 'p1.cfg', 'p2.cfg', 'p3.cfg', 'p4.cfg', 'pe1.cfg', 'pe2.cfg']"
COMPARE_VRF_COUNT,Comparison_Analysis,"[정상] p3과 pe2의 VRF 수는 각각 몇 개이며, 차이는 몇 개입니까? [답변 형식: 'p3: N개, pe2: M개, 차이: K개']","p3: 0개, pe2: 6개, 차이: 6개",text,L3,"['leaf1.cfg', 'leaf2.cfg', 'leaf3.cfg', 'leaf4.cfg', 'p1.cfg', 'p2.cfg', 'p3.cfg', 'p4.cfg', 'pe1.cfg', 'pe2.cfg']"
COMPARE_VRF_COUNT,Comparison_Analysis,"[정상] leaf4과 p4의 VRF 수는 각각 몇 개이며, 차이는 몇 개입니까? [답변 형식: 'leaf4: N개, p4: M개, 차이: K개']","leaf4: 0개, p4: 0개, 차이: 0개",text,L3,"['leaf1.cfg', 'leaf2.cfg', 'leaf3.cfg', 'leaf4.cfg', 'p1.cfg', 'p2.cfg', 'p3.cfg', 'p4.cfg', 'pe1.cfg', 'pe2.cfg']"
COMPARE_VRF_COUNT,Comparison_Analysis,"[정상] leaf2과 leaf3의 VRF 수는 각각 몇 개이며, 차이는 몇 개입니까? [답변 형식: 'leaf2: N개, leaf3: M개, 차이: K개']","leaf2: 0개, leaf3: 0개, 차이: 0개",text,L3,"['leaf1.cfg', 'leaf2.cfg', 'leaf3.cfg', 'leaf4.cfg', 'p1.cfg', 'p2.cfg', 'p3.cfg', 'p4.cfg', 'pe1.cfg', 'pe2.cfg']"
COMPARE_VRF_COUNT,Comparison_Analysis,"[정상] leaf1과 pe2의 VRF 수는 각각 몇 개이며, 차이는 몇 개입니까? [답변 형식: 'leaf1: N개, pe2: M개, 차이: K개']","leaf1: 0개, pe2: 6개, 차이: 6개",text,L3,"['leaf1.cfg', 'leaf2.cfg', 'leaf3.cfg', 'leaf4.cfg', 'p1.cfg', 'p2.cfg', 'p3.cfg', 'p4.cfg', 'pe1.cfg', 'pe2.cfg']"
COMPARE_VRF_COUNT,Comparison_Analysis,"[정상] leaf2과 p1의 VRF 수는 각각 몇 개이며, 차이는 몇 개입니까? [답변 형식: 'leaf2: N개, p1: M개, 차이: K개']","leaf2: 0개, p1: 0개, 차이: 0개",text,L3,"['leaf1.cfg', 'leaf2.cfg', 'leaf3.cfg', 'leaf4.cfg', 'p1.cfg', 'p2.cfg', 'p3.cfg', 'p4.cfg', 'pe1.cfg', 'pe2.cfg']"
COMPARE_VRF_COUNT,Comparison_Analysis,"[정상] p4과 pe1의 VRF 수는 각각 몇 개이며, 차이는 몇 개입니까? [답변 형식: 'p4: N개, pe1: M개, 차이: K개']","p4: 0개, pe1: 6개, 차이: 6개",text,L3,"['leaf1.cfg', 'leaf2.cfg', 'leaf3.cfg', 'leaf4.cfg', 'p1.cfg', 'p2.cfg', 'p3.cfg', 'p4.cfg', 'pe1.cfg', 'pe2.cfg']"
COMPARE_VRF_COUNT,Comparison_Analysis,"[정상] leaf3과 pe1의 VRF 수는 각각 몇 개이며, 차이는 몇 개입니까? [답변 형식: 'leaf3: N개, pe1: M개, 차이: K개']","leaf3: 0개, pe1: 6개, 차이: 6개",text,L3,"['leaf1.cfg', 'leaf2.cfg', 'leaf3.cfg', 'leaf4.cfg', 'p1.cfg', 'p2.cfg', 'p3.cfg', 'p4.cfg', 'pe1.cfg', 'pe2.cfg']"
COMPARE_VRF_COUNT,Comparison_Analysis,"[정상] p1과 pe2의 VRF 수는 각각 몇 개이며, 차이는 몇 개입니까? [답변 형식: 'p1: N개, pe2: M개, 차이: K개']","p1: 0개, pe2: 6개, 차이: 6개",text,L3,"['leaf1.cfg', 'leaf2.cfg', 'leaf3.cfg', 'leaf4.cfg', 'p1.cfg', 'p2.cfg', 'p3.cfg', 'p4.cfg', 'pe1.cfg', 'pe2.cfg']"
COMPARE_VRF_COUNT,Comparison_Analysis,"[정상] p2과 p4의 VRF 수는 각각 몇 개이며, 차이는 몇 개입니까? [답변 형식: 'p2: N개, p4: M개, 차이: K개']","p2: 0개, p4: 0개, 차이: 0개",text,L3,"['leaf1.cfg', 'leaf2.cfg', 'leaf3.cfg', 'leaf4.cfg', 'p1.cfg', 'p2.cfg', 'p3.cfg', 'p4.cfg', 'pe1.cfg', 'pe2.cfg']"
COMPARE_VRF_COUNT,Comparison_Analysis,"[정상] p1과 p3의 VRF 수는 각각 몇 개이며, 차이는 몇 개입니까? [답변 형식: 'p1: N개, p3: M개, 차이: K개']","p1: 0개, p3: 0개, 차이: 0개",text,L3,"['leaf1.cfg', 'leaf2.cfg', 'leaf3.cfg', 'leaf4.cfg', 'p1.cfg', 'p2.cfg', 'p3.cfg', 'p4.cfg', 'pe1.cfg', 'pe2.cfg']"
COMPARE_VRF_COUNT,Comparison_Analysis,"[정상] leaf1과 leaf3의 VRF 수는 각각 몇 개이며, 차이는 몇 개입니까? [답변 형식: 'leaf1: N개, leaf3: M개, 차이: K개']","leaf1: 0개, leaf3: 0개, 차이: 0개",text,L3,"['leaf1.cfg', 'leaf2.cfg', 'leaf3.cfg', 'leaf4.cfg', 'p1.cfg', 'p2.cfg', 'p3.cfg', 'p4.cfg', 'pe1.cfg', 'pe2.cfg']"
COMPARE_BGP_AS,Comparison_Analysis,"[정상] leaf1과 p1의 BGP Local AS 번호를 각각 알려주세요. [답변 형식: 'leaf1: AS X, p1: AS Y']","leaf1: AS 없음, p1: AS 없음",text,L3,"['leaf1.cfg', 'leaf2.cfg', 'leaf3.cfg', 'leaf4.cfg', 'p1.cfg', 'p2.cfg', 'p3.cfg', 'p4.cfg', 'pe1.cfg', 'pe2.cfg']"
COMPARE_BGP_AS,Comparison_Analysis,"[정상] p1과 pe2의 BGP Local AS 번호를 각각 알려주세요. [답변 형식: 'p1: AS X, pe2: AS Y']","p1: AS 없음, pe2: AS 65000",text,L3,"['leaf1.cfg', 'leaf2.cfg', 'leaf3.cfg', 'leaf4.cfg', 'p1.cfg', 'p2.cfg', 'p3.cfg', 'p4.cfg', 'pe1.cfg', 'pe2.cfg']"
COMPARE_BGP_AS,Comparison_Analysis,"[정상] p2과 p3의 BGP Local AS 번호를 각각 알려주세요. [답변 형식: 'p2: AS X, p3: AS Y']","p2: AS 없음, p3: AS 없음",text,L3,"['leaf1.cfg', 'leaf2.cfg', 'leaf3.cfg', 'leaf4.cfg', 'p1.cfg', 'p2.cfg', 'p3.cfg', 'p4.cfg', 'pe1.cfg', 'pe2.cfg']"
COMPARE_BGP_AS,Comparison_Analysis,"[정상] p3과 pe2의 BGP Local AS 번호를 각각 알려주세요. [답변 형식: 'p3: AS X, pe2: AS Y']","p3: AS 없음, pe2: AS 65000",text,L3,"['leaf1.cfg', 'leaf2.cfg', 'leaf3.cfg', 'leaf4.cfg', 'p1.cfg', 'p2.cfg', 'p3.cfg', 'p4.cfg', 'pe1.cfg', 'pe2.cfg']"
COMPARE_BGP_AS,Comparison_Analysis,"[정상] p4과 pe1의 BGP Local AS 번호를 각각 알려주세요. [답변 형식: 'p4: AS X, pe1: AS Y']","p4: AS 없음, pe1: AS 65000",text,L3,"['leaf1.cfg', 'leaf2.cfg', 'leaf3.cfg', 'leaf4.cfg', 'p1.cfg', 'p2.cfg', 'p3.cfg', 'p4.cfg', 'pe1.cfg', 'pe2.cfg']"
COMPARE_BGP_AS,Comparison_Analysis,"[정상] leaf1과 pe2의 BGP Local AS 번호를 각각 알려주세요. [답변 형식: 'leaf1: AS X, pe2: AS Y']","leaf1: AS 없음, pe2: AS 65000",text,L3,"['leaf1.cfg', 'leaf2.cfg', 'leaf3.cfg', 'leaf4.cfg', 'p1.cfg', 'p2.cfg', 'p3.cfg', 'p4.cfg', 'pe1.cfg', 'pe2.cfg']"
COMPARE_BGP_AS,Comparison_Analysis,"[정상] p1과 p4의 BGP Local AS 번호를 각각 알려주세요. [답변 형식: 'p1: AS X, p4: AS Y']","p1: AS 없음, p4: AS 없음",text,L3,"['leaf1.cfg', 'leaf2.cfg', 'leaf3.cfg', 'leaf4.cfg', 'p1.cfg', 'p2.cfg', 'p3.cfg', 'p4.cfg', 'pe1.cfg', 'pe2.cfg']"
COMPARE_BGP_AS,Comparison_Analysis,"[정상] leaf3과 leaf4의 BGP Local AS 번호를 각각 알려주세요. [답변 형식: 'leaf3: AS X, leaf4: AS Y']","leaf3: AS 없음, leaf4: AS 없음",text,L3,"['leaf1.cfg', 'leaf2.cfg', 'leaf3.cfg', 'leaf4.cfg', 'p1.cfg', 'p2.cfg', 'p3.cfg', 'p4.cfg', 'pe1.cfg', 'pe2.cfg']"
COMPARE_BGP_AS,Comparison_Analysis,"[정상] leaf3과 p4의 BGP Local AS 번호를 각각 알려주세요. [답변 형식: 'leaf3: AS X, p4: AS Y']","leaf3: AS 없음, p4: AS 없음",text,L3,"['leaf1.cfg', 'leaf2.cfg', 'leaf3.cfg', 'leaf4.cfg', 'p1.cfg', 'p2.cfg', 'p3.cfg', 'p4.cfg', 'pe1.cfg', 'pe2.cfg']"
COMPARE_BGP_AS,Comparison_Analysis,"[정상] leaf2과 p3의 BGP Local AS 번호를 각각 알려주세요. [답변 형식: 'leaf2: AS X, p3: AS Y']","leaf2: AS 없음, p3: AS 없음",text,L3,"['leaf1.cfg', 'leaf2.cfg', 'leaf3.cfg', 'leaf4.cfg', 'p1.cfg', 'p2.cfg', 'p3.cfg', 'p4.cfg', 'pe1.cfg', 'pe2.cfg']"
COMPARE_BGP_AS,Comparison_Analysis,"[정상] leaf2과 p2의 BGP Local AS 번호를 각각 알려주세요. [답변 형식: 'leaf2: AS X, p2: AS Y']","leaf2: AS 없음, p2: AS 없음",text,L3,"['leaf1.cfg', 'leaf2.cfg', 'leaf3.cfg', 'leaf4.cfg', 'p1.cfg', 'p2.cfg', 'p3.cfg', 'p4.cfg', 'pe1.cfg', 'pe2.cfg']"
COMPARE_BGP_AS,Comparison_Analysis,"[정상] p3과 pe1의 BGP Local AS 번호를 각각 알려주세요. [답변 형식: 'p3: AS X, pe1: AS Y']","p3: AS 없음, pe1: AS 65000",text,L3,"['leaf1.cfg', 'leaf2.cfg', 'leaf3.cfg', 'leaf4.cfg', 'p1.cfg', 'p2.cfg', 'p3.cfg', 'p4.cfg', 'pe1.cfg', 'pe2.cfg']"
COMPARE_BGP_AS,Comparison_Analysis,"[정상] leaf3과 p3의 BGP Local AS 번호를 각각 알려주세요. [답변 형식: 'leaf3: AS X, p3: AS Y']","leaf3: AS 없음, p3: AS 없음",text,L3,"['leaf1.cfg', 'leaf2.cfg', 'leaf3.cfg', 'leaf4.cfg', 'p1.cfg', 'p2.cfg', 'p3.cfg', 'p4.cfg', 'pe1.cfg', 'pe2.cfg']"
COMPARE_BGP_AS,Comparison_Analysis,"[정상] leaf3과 pe1의 BGP Local AS 번호를 각각 알려주세요. [답변 형식: 'leaf3: AS X, pe1: AS Y']","leaf3: AS 없음, pe1: AS 65000",text,L3,"['leaf1.cfg', 'leaf2.cfg', 'leaf3.cfg', 'leaf4.cfg', 'p1.cfg', 'p2.cfg', 'p3.cfg', 'p4.cfg', 'pe1.cfg', 'pe2.cfg']"
COMPARE_BGP_AS,Comparison_Analysis,"[정상] p2과 pe1의 BGP Local AS 번호를 각각 알려주세요. [답변 형식: 'p2: AS X, pe1: AS Y']","p2: AS 없음, pe1: AS 65000",text,L3,"['leaf1.cfg', 'leaf2.cfg', 'leaf3.cfg', 'leaf4.cfg', 'p1.cfg', 'p2.cfg', 'p3.cfg', 'p4.cfg', 'pe1.cfg', 'pe2.cfg']"
COMPARE_BGP_AS,Comparison_Analysis,"[정상] leaf3과 p2의 BGP Local AS 번호를 각각 알려주세요. [답변 형식: 'leaf3: AS X, p2: AS Y']","leaf3: AS 없음, p2: AS 없음",text,L3,"['leaf1.cfg', 'leaf2.cfg', 'leaf3.cfg', 'leaf4.cfg', 'p1.cfg', 'p2.cfg', 'p3.cfg', 'p4.cfg', 'pe1.cfg', 'pe2.cfg']"
COMPARE_BGP_AS,Comparison_Analysis,"[정상] leaf4과 p2의 BGP Local AS 번호를 각각 알려주세요. [답변 형식: 'leaf4: AS X, p2: AS Y']","leaf4: AS 없음, p2: AS 없음",text,L3,"['leaf1.cfg', 'leaf2.cfg', 'leaf3.cfg', 'leaf4.cfg', 'p1.cfg', 'p2.cfg', 'p3.cfg', 'p4.cfg', 'pe1.cfg', 'pe2.cfg']"
COMPARE_BGP_AS,Comparison_Analysis,"[정상] leaf1과 p3의 BGP Local AS 번호를 각각 알려주세요. [답변 형식: 'leaf1: AS X, p3: AS Y']","leaf1: AS 없음, p3: AS 없음",text,L3,"['leaf1.cfg', 'leaf2.cfg', 'leaf3.cfg', 'leaf4.cfg', 'p1.cfg', 'p2.cfg', 'p3.cfg', 'p4.cfg', 'pe1.cfg', 'pe2.cfg']"
COMPARE_BGP_AS,Comparison_Analysis,"[정상] leaf4과 p1의 BGP Local AS 번호를 각각 알려주세요. [답변 형식: 'leaf4: AS X, p1: AS Y']","leaf4: AS 없음, p1: AS 없음",text,L3,"['leaf1.cfg', 'leaf2.cfg', 'leaf3.cfg', 'leaf4.cfg', 'p1.cfg', 'p2.cfg', 'p3.cfg', 'p4.cfg', 'pe1.cfg', 'pe2.cfg']"
COMPARE_BGP_AS,Comparison_Analysis,"[정상] leaf2과 leaf3의 BGP Local AS 번호를 각각 알려주세요. [답변 형식: 'leaf2: AS X, leaf3: AS Y']","leaf2: AS 없음, leaf3: AS 없음",text,L3,"['leaf1.cfg', 'leaf2.cfg', 'leaf3.cfg', 'leaf4.cfg', 'p1.cfg', 'p2.cfg', 'p3.cfg', 'p4.cfg', 'pe1.cfg', 'pe2.cfg']"
COMPARE_BGP_AS,Comparison_Analysis,"[정상] leaf1과 p2의 BGP Local AS 번호를 각각 알려주세요. [답변 형식: 'leaf1: AS X, p2: AS Y']","leaf1: AS 없음, p2: AS 없음",text,L3,"['leaf1.cfg', 'leaf2.cfg', 'leaf3.cfg', 'leaf4.cfg', 'p1.cfg', 'p2.cfg', 'p3.cfg', 'p4.cfg', 'pe1.cfg', 'pe2.cfg']"
COMPARE_BGP_AS,Comparison_Analysis,"[정상] leaf2과 p1의 BGP Local AS 번호를 각각 알려주세요. [답변 형식: 'leaf2: AS X, p1: AS Y']","leaf2: AS 없음, p1: AS 없음",text,L3,"['leaf1.cfg', 'leaf2.cfg', 'leaf3.cfg', 'leaf4.cfg', 'p1.cfg', 'p2.cfg', 'p3.cfg', 'p4.cfg', 'pe1.cfg', 'pe2.cfg']"
COMPARE_BGP_AS,Comparison_Analysis,"[정상] leaf2과 pe2의 BGP Local AS 번호를 각각 알려주세요. [답변 형식: 'leaf2: AS X, pe2: AS Y']","leaf2: AS 없음, pe2: AS 65000",text,L3,"['leaf1.cfg', 'leaf2.cfg', 'leaf3.cfg', 'leaf4.cfg', 'p1.cfg', 'p2.cfg', 'p3.cfg', 'p4.cfg', 'pe1.cfg', 'pe2.cfg']"
COMPARE_BGP_AS,Comparison_Analysis,"[정상] leaf1과 leaf4의 BGP Local AS 번호를 각각 알려주세요. [답변 형식: 'leaf1: AS X, leaf4: AS Y']","leaf1: AS 없음, leaf4: AS 없음",text,L3,"['leaf1.cfg', 'leaf2.cfg', 'leaf3.cfg', 'leaf4.cfg', 'p1.cfg', 'p2.cfg', 'p3.cfg', 'p4.cfg', 'pe1.cfg', 'pe2.cfg']"
COMPARE_BGP_AS,Comparison_Analysis,"[정상] leaf2과 p4의 BGP Local AS 번호를 각각 알려주세요. [답변 형식: 'leaf2: AS X, p4: AS Y']","leaf2: AS 없음, p4: AS 없음",text,L3,"['leaf1.cfg', 'leaf2.cfg', 'leaf3.cfg', 'leaf4.cfg', 'p1.cfg', 'p2.cfg', 'p3.cfg', 'p4.cfg', 'pe1.cfg', 'pe2.cfg']"
COMPARE_BGP_AS,Comparison_Analysis,"[정상] leaf1과 pe1의 BGP Local AS 번호를 각각 알려주세요. [답변 형식: 'leaf1: AS X, pe1: AS Y']","leaf1: AS 없음, pe1: AS 65000",text,L3,"['leaf1.cfg', 'leaf2.cfg', 'leaf3.cfg', 'leaf4.cfg', 'p1.cfg', 'p2.cfg', 'p3.cfg', 'p4.cfg', 'pe1.cfg', 'pe2.cfg']"
COMPARE_BGP_AS,Comparison_Analysis,"[정상] p1과 p2의 BGP Local AS 번호를 각각 알려주세요. [답변 형식: 'p1: AS X, p2: AS Y']","p1: AS 없음, p2: AS 없음",text,L3,"['leaf1.cfg', 'leaf2.cfg', 'leaf3.cfg', 'leaf4.cfg', 'p1.cfg', 'p2.cfg', 'p3.cfg', 'p4.cfg', 'pe1.cfg', 'pe2.cfg']"
COMPARE_BGP_AS,Comparison_Analysis,"[정상] p2과 pe2의 BGP Local AS 번호를 각각 알려주세요. [답변 형식: 'p2: AS X, pe2: AS Y']","p2: AS 없음, pe2: AS 65000",text,L3,"['leaf1.cfg', 'leaf2.cfg', 'leaf3.cfg', 'leaf4.cfg', 'p1.cfg', 'p2.cfg', 'p3.cfg', 'p4.cfg', 'pe1.cfg', 'pe2.cfg']"
COMPARE_BGP_AS,Comparison_Analysis,"[정상] p1과 p3의 BGP Local AS 번호를 각각 알려주세요. [답변 형식: 'p1: AS X, p3: AS Y']","p1: AS 없음, p3: AS 없음",text,L3,"['leaf1.cfg', 'leaf2.cfg', 'leaf3.cfg', 'leaf4.cfg', 'p1.cfg', 'p2.cfg', 'p3.cfg', 'p4.cfg', 'pe1.cfg', 'pe2.cfg']"
COMPARE_BGP_AS,Comparison_Analysis,"[정상] leaf4과 pe2의 BGP Local AS 번호를 각각 알려주세요. [답변 형식: 'leaf4: AS X, pe2: AS Y']","leaf4: AS 없음, pe2: AS 65000",text,L3,"['leaf1.cfg', 'leaf2.cfg', 'leaf3.cfg', 'leaf4.cfg', 'p1.cfg', 'p2.cfg', 'p3.cfg', 'p4.cfg', 'pe1.cfg', 'pe2.cfg']"
COMPARE_BGP_AS,Comparison_Analysis,"[정상] leaf4과 pe1의 BGP Local AS 번호를 각각 알려주세요. [답변 형식: 'leaf4: AS X, pe1: AS Y']","leaf4: AS 없음, pe1: AS 65000",text,L3,"['leaf1.cfg', 'leaf2.cfg', 'leaf3.cfg', 'leaf4.cfg', 'p1.cfg', 'p2.cfg', 'p3.cfg', 'p4.cfg', 'pe1.cfg', 'pe2.cfg']"
COMPARE_BGP_AS,Comparison_Analysis,"[정상] leaf1과 leaf3의 BGP Local AS 번호를 각각 알려주세요. [답변 형식: 'leaf1: AS X, leaf3: AS Y']","leaf1: AS 없음, leaf3: AS 없음",text,L3,"['leaf1.cfg', 'leaf2.cfg', 'leaf3.cfg', 'leaf4.cfg', 'p1.cfg', 'p2.cfg', 'p3.cfg', 'p4.cfg', 'pe1.cfg', 'pe2.cfg']"
COMPARE_BGP_AS,Comparison_Analysis,"[정상] leaf1과 leaf2의 BGP Local AS 번호를 각각 알려주세요. [답변 형식: 'leaf1: AS X, leaf2: AS Y']","leaf1: AS 없음, leaf2: AS 없음",text,L3,"['leaf1.cfg', 'leaf2.cfg', 'leaf3.cfg', 'leaf4.cfg', 'p1.cfg', 'p2.cfg', 'p3.cfg', 'p4.cfg', 'pe1.cfg', 'pe2.cfg']"
COMPARE_BGP_AS,Comparison_Analysis,"[정상] leaf2과 pe1의 BGP Local AS 번호를 각각 알려주세요. [답변 형식: 'leaf2: AS X, pe1: AS Y']","leaf2: AS 없음, pe1: AS 65000",text,L3,"['leaf1.cfg', 'leaf2.cfg', 'leaf3.cfg', 'leaf4.cfg', 'p1.cfg', 'p2.cfg', 'p3.cfg', 'p4.cfg', 'pe1.cfg', 'pe2.cfg']"
COMPARE_BGP_AS,Comparison_Analysis,"[정상] p2과 p4의 BGP Local AS 번호를 각각 알려주세요. [답변 형식: 'p2: AS X, p4: AS Y']","p2: AS 없음, p4: AS 없음",text,L3,"['leaf1.cfg', 'leaf2.cfg', 'leaf3.cfg', 'leaf4.cfg', 'p1.cfg', 'p2.cfg', 'p3.cfg', 'p4.cfg', 'pe1.cfg', 'pe2.cfg']"
COMPARE_BGP_AS,Comparison_Analysis,"[정상] leaf3과 pe2의 BGP Local AS 번호를 각각 알려주세요. [답변 형식: 'leaf3: AS X, pe2: AS Y']","leaf3: AS 없음, pe2: AS 65000",text,L3,"['leaf1.cfg', 'leaf2.cfg', 'leaf3.cfg', 'leaf4.cfg', 'p1.cfg', 'p2.cfg', 'p3.cfg', 'p4.cfg', 'pe1.cfg', 'pe2.cfg']"
COMPARE_BGP_AS,Comparison_Analysis,"[정상] p1과 pe1의 BGP Local AS 번호를 각각 알려주세요. [답변 형식: 'p1: AS X, pe1: AS Y']","p1: AS 없음, pe1: AS 65000",text,L3,"['leaf1.cfg', 'leaf2.cfg', 'leaf3.cfg', 'leaf4.cfg', 'p1.cfg', 'p2.cfg', 'p3.cfg', 'p4.cfg', 'pe1.cfg', 'pe2.cfg']"
COMPARE_BGP_AS,Comparison_Analysis,"[정상] p4과 pe2의 BGP Local AS 번호를 각각 알려주세요. [답변 형식: 'p4: AS X, pe2: AS Y']","p4: AS 없음, pe2: AS 65000",text,L3,"['leaf1.cfg', 'leaf2.cfg', 'leaf3.cfg', 'leaf4.cfg', 'p1.cfg', 'p2.cfg', 'p3.cfg', 'p4.cfg', 'pe1.cfg', 'pe2.cfg']"
COMPARE_BGP_AS,Comparison_Analysis,"[정상] leaf4과 p4의 BGP Local AS 번호를 각각 알려주세요. [답변 형식: 'leaf4: AS X, p4: AS Y']","leaf4: AS 없음, p4: AS 없음",text,L3,"['leaf1.cfg', 'leaf2.cfg', 'leaf3.cfg', 'leaf4.cfg', 'p1.cfg', 'p2.cfg', 'p3.cfg', 'p4.cfg', 'pe1.cfg', 'pe2.cfg']"
COMPARE_BGP_AS,Comparison_Analysis,"[정상] leaf3과 p1의 BGP Local AS 번호를 각각 알려주세요. [답변 형식: 'leaf3: AS X, p1: AS Y']","leaf3: AS 없음, p1: AS 없음",text,L3,"['leaf1.cfg', 'leaf2.cfg', 'leaf3.cfg', 'leaf4.cfg', 'p1.cfg', 'p2.cfg', 'p3.cfg', 'p4.cfg', 'pe1.cfg', 'pe2.cfg']"
COMPARE_BGP_AS,Comparison_Analysis,"[정상] p3과 p4의 BGP Local AS 번호를 각각 알려주세요. [답변 형식: 'p3: AS X, p4: AS Y']","p3: AS 없음, p4: AS 없음",text,L3,"['leaf1.cfg', 'leaf2.cfg', 'leaf3.cfg', 'leaf4.cfg', 'p1.cfg', 'p2.cfg', 'p3.cfg', 'p4.cfg', 'pe1.cfg', 'pe2.cfg']"
COMPARE_BGP_AS,Comparison_Analysis,"[정상] pe1과 pe2의 BGP Local AS 번호를 각각 알려주세요. [답변 형식: 'pe1: AS X, pe2: AS Y']","pe1: AS 65000, pe2: AS 65000",text,L3,"['leaf1.cfg', 'leaf2.cfg', 'leaf3.cfg', 'leaf4.cfg', 'p1.cfg', 'p2.cfg', 'p3.cfg', 'p4.cfg', 'pe1.cfg', 'pe2.cfg']"
COMPARE_BGP_AS,Comparison_Analysis,"[정상] leaf4과 p3의 BGP Local AS 번호를 각각 알려주세요. [답변 형식: 'leaf4: AS X, p3: AS Y']","leaf4: AS 없음, p3: AS 없음",text,L3,"['leaf1.cfg', 'leaf2.cfg', 'leaf3.cfg', 'leaf4.cfg', 'p1.cfg', 'p2.cfg', 'p3.cfg', 'p4.cfg', 'pe1.cfg', 'pe2.cfg']"
COMPARE_BGP_AS,Comparison_Analysis,"[정상] leaf2과 leaf4의 BGP Local AS 번호를 각각 알려주세요. [답변 형식: 'leaf2: AS X, leaf4: AS Y']","leaf2: AS 없음, leaf4: AS 없음",text,L3,"['leaf1.cfg', 'leaf2.cfg', 'leaf3.cfg', 'leaf4.cfg', 'p1.cfg', 'p2.cfg', 'p3.cfg', 'p4.cfg', 'pe1.cfg', 'pe2.cfg']"
COMPARE_BGP_AS,Comparison_Analysis,"[정상] leaf1과 p4의 BGP Local AS 번호를 각각 알려주세요. [답변 형식: 'leaf1: AS X, p4: AS Y']","leaf1: AS 없음, p4: AS 없음",text,L3,"['leaf1.cfg', 'leaf2.cfg', 'leaf3.cfg', 'leaf4.cfg', 'p1.cfg', 'p2.cfg', 'p3.cfg', 'p4.cfg', 'pe1.cfg', 'pe2.cfg']"
COMPARE_OSPF_AREAS,Comparison_Analysis,"[정상] leaf2과 pe2가 참여하는 OSPF Area 목록을 각각 알려주세요. [답변 형식: 'leaf2: Area 0, 1, pe2: Area 0, 2']","leaf2: Area 없음, pe2: Area None",text,L3,"['leaf1.cfg', 'leaf2.cfg', 'leaf3.cfg', 'leaf4.cfg', 'p1.cfg', 'p2.cfg', 'p3.cfg', 'p4.cfg', 'pe1.cfg', 'pe2.cfg']"
COMPARE_OSPF_AREAS,Comparison_Analysis,"[정상] p3과 pe1가 참여하는 OSPF Area 목록을 각각 알려주세요. [답변 형식: 'p3: Area 0, 1, pe1: Area 0, 2']","p3: Area None, pe1: Area None",text,L3,"['leaf1.cfg', 'leaf2.cfg', 'leaf3.cfg', 'leaf4.cfg', 'p1.cfg', 'p2.cfg', 'p3.cfg', 'p4.cfg', 'pe1.cfg', 'pe2.cfg']"
COMPARE_OSPF_AREAS,Comparison_Analysis,"[정상] p1과 p4가 참여하는 OSPF Area 목록을 각각 알려주세요. [답변 형식: 'p1: Area 0, 1, p4: Area 0, 2']","p1: Area None, p4: Area None",text,L3,"['leaf1.cfg', 'leaf2.cfg', 'leaf3.cfg', 'leaf4.cfg', 'p1.cfg', 'p2.cfg', 'p3.cfg', 'p4.cfg', 'pe1.cfg', 'pe2.cfg']"
COMPARE_OSPF_AREAS,Comparison_Analysis,"[정상] leaf1과 p1가 참여하는 OSPF Area 목록을 각각 알려주세요. [답변 형식: 'leaf1: Area 0, 1, p1: Area 0, 2']","leaf1: Area 없음, p1: Area None",text,L3,"['leaf1.cfg', 'leaf2.cfg', 'leaf3.cfg', 'leaf4.cfg', 'p1.cfg', 'p2.cfg', 'p3.cfg', 'p4.cfg', 'pe1.cfg', 'pe2.cfg']"
COMPARE_OSPF_AREAS,Comparison_Analysis,"[정상] leaf2과 p2가 참여하는 OSPF Area 목록을 각각 알려주세요. [답변 형식: 'leaf2: Area 0, 1, p2: Area 0, 2']","leaf2: Area 없음, p2: Area None",text,L3,"['leaf1.cfg', 'leaf2.cfg', 'leaf3.cfg', 'leaf4.cfg', 'p1.cfg', 'p2.cfg', 'p3.cfg', 'p4.cfg', 'pe1.cfg', 'pe2.cfg']"
COMPARE_OSPF_AREAS,Comparison_Analysis,"[정상] leaf2과 p3가 참여하는 OSPF Area 목록을 각각 알려주세요. [답변 형식: 'leaf2: Area 0, 1, p3: Area 0, 2']","leaf2: Area 없음, p3: Area None",text,L3,"['leaf1.cfg', 'leaf2.cfg', 'leaf3.cfg', 'leaf4.cfg', 'p1.cfg', 'p2.cfg', 'p3.cfg', 'p4.cfg', 'pe1.cfg', 'pe2.cfg']"
COMPARE_OSPF_AREAS,Comparison_Analysis,"[정상] leaf1과 p2가 참여하는 OSPF Area 목록을 각각 알려주세요. [답변 형식: 'leaf1: Area 0, 1, p2: Area 0, 2']","leaf1: Area 없음, p2: Area None",text,L3,"['leaf1.cfg', 'leaf2.cfg', 'leaf3.cfg', 'leaf4.cfg', 'p1.cfg', 'p2.cfg', 'p3.cfg', 'p4.cfg', 'pe1.cfg', 'pe2.cfg']"
COMPARE_OSPF_AREAS,Comparison_Analysis,"[정상] p3과 p4가 참여하는 OSPF Area 목록을 각각 알려주세요. [답변 형식: 'p3: Area 0, 1, p4: Area 0, 2']","p3: Area None, p4: Area None",text,L3,"['leaf1.cfg', 'leaf2.cfg', 'leaf3.cfg', 'leaf4.cfg', 'p1.cfg', 'p2.cfg', 'p3.cfg', 'p4.cfg', 'pe1.cfg', 'pe2.cfg']"
COMPARE_OSPF_AREAS,Comparison_Analysis,"[정상] leaf3과 p3가 참여하는 OSPF Area 목록을 각각 알려주세요. [답변 형식: 'leaf3: Area 0, 1, p3: Area 0, 2']","leaf3: Area 없음, p3: Area None",text,L3,"['leaf1.cfg', 'leaf2.cfg', 'leaf3.cfg', 'leaf4.cfg', 'p1.cfg', 'p2.cfg', 'p3.cfg', 'p4.cfg', 'pe1.cfg', 'pe2.cfg']"
COMPARE_OSPF_AREAS,Comparison_Analysis,"[정상] p2과 pe1가 참여하는 OSPF Area 목록을 각각 알려주세요. [답변 형식: 'p2: Area 0, 1, pe1: Area 0, 2']","p2: Area None, pe1: Area None",text,L3,"['leaf1.cfg', 'leaf2.cfg', 'leaf3.cfg', 'leaf4.cfg', 'p1.cfg', 'p2.cfg', 'p3.cfg', 'p4.cfg', 'pe1.cfg', 'pe2.cfg']"
COMPARE_OSPF_AREAS,Comparison_Analysis,"[정상] leaf3과 p2가 참여하는 OSPF Area 목록을 각각 알려주세요. [답변 형식: 'leaf3: Area 0, 1, p2: Area 0, 2']","leaf3: Area 없음, p2: Area None",text,L3,"['leaf1.cfg', 'leaf2.cfg', 'leaf3.cfg', 'leaf4.cfg', 'p1.cfg', 'p2.cfg', 'p3.cfg', 'p4.cfg', 'pe1.cfg', 'pe2.cfg']"
COMPARE_OSPF_AREAS,Comparison_Analysis,"[정상] p3과 pe2가 참여하는 OSPF Area 목록을 각각 알려주세요. [답변 형식: 'p3: Area 0, 1, pe2: Area 0, 2']","p3: Area None, pe2: Area None",text,L3,"['leaf1.cfg', 'leaf2.cfg', 'leaf3.cfg', 'leaf4.cfg', 'p1.cfg', 'p2.cfg', 'p3.cfg', 'p4.cfg', 'pe1.cfg', 'pe2.cfg']"
COMPARE_OSPF_AREAS,Comparison_Analysis,"[정상] leaf1과 pe2가 참여하는 OSPF Area 목록을 각각 알려주세요. [답변 형식: 'leaf1: Area 0, 1, pe2: Area 0, 2']","leaf1: Area 없음, pe2: Area None",text,L3,"['leaf1.cfg', 'leaf2.cfg', 'leaf3.cfg', 'leaf4.cfg', 'p1.cfg', 'p2.cfg', 'p3.cfg', 'p4.cfg', 'pe1.cfg', 'pe2.cfg']"
COMPARE_OSPF_AREAS,Comparison_Analysis,"[정상] p1과 p3가 참여하는 OSPF Area 목록을 각각 알려주세요. [답변 형식: 'p1: Area 0, 1, p3: Area 0, 2']","p1: Area None, p3: Area None",text,L3,"['leaf1.cfg', 'leaf2.cfg', 'leaf3.cfg', 'leaf4.cfg', 'p1.cfg', 'p2.cfg', 'p3.cfg', 'p4.cfg', 'pe1.cfg', 'pe2.cfg']"
COMPARE_OSPF_AREAS,Comparison_Analysis,"[정상] leaf4과 pe2가 참여하는 OSPF Area 목록을 각각 알려주세요. [답변 형식: 'leaf4: Area 0, 1, pe2: Area 0, 2']","leaf4: Area 없음, pe2: Area None",text,L3,"['leaf1.cfg', 'leaf2.cfg', 'leaf3.cfg', 'leaf4.cfg', 'p1.cfg', 'p2.cfg', 'p3.cfg', 'p4.cfg', 'pe1.cfg', 'pe2.cfg']"
COMPARE_OSPF_AREAS,Comparison_Analysis,"[정상] leaf4과 p4가 참여하는 OSPF Area 목록을 각각 알려주세요. [답변 형식: 'leaf4: Area 0, 1, p4: Area 0, 2']","leaf4: Area 없음, p4: Area None",text,L3,"['leaf1.cfg', 'leaf2.cfg', 'leaf3.cfg', 'leaf4.cfg', 'p1.cfg', 'p2.cfg', 'p3.cfg', 'p4.cfg', 'pe1.cfg', 'pe2.cfg']"
COMPARE_OSPF_AREAS,Comparison_Analysis,"[정상] leaf1과 leaf3가 참여하는 OSPF Area 목록을 각각 알려주세요. [답변 형식: 'leaf1: Area 0, 1, leaf3: Area 0, 2']","leaf1: Area 없음, leaf3: Area 없음",text,L3,"['leaf1.cfg', 'leaf2.cfg', 'leaf3.cfg', 'leaf4.cfg', 'p1.cfg', 'p2.cfg', 'p3.cfg', 'p4.cfg', 'pe1.cfg', 'pe2.cfg']"
COMPARE_OSPF_AREAS,Comparison_Analysis,"[정상] p2과 p4가 참여하는 OSPF Area 목록을 각각 알려주세요. [답변 형식: 'p2: Area 0, 1, p4: Area 0, 2']","p2: Area None, p4: Area None",text,L3,"['leaf1.cfg', 'leaf2.cfg', 'leaf3.cfg', 'leaf4.cfg', 'p1.cfg', 'p2.cfg', 'p3.cfg', 'p4.cfg', 'pe1.cfg', 'pe2.cfg']"
COMPARE_OSPF_AREAS,Comparison_Analysis,"[정상] leaf2과 pe1가 참여하는 OSPF Area 목록을 각각 알려주세요. [답변 형식: 'leaf2: Area 0, 1, pe1: Area 0, 2']","leaf2: Area 없음, pe1: Area None",text,L3,"['leaf1.cfg', 'leaf2.cfg', 'leaf3.cfg', 'leaf4.cfg', 'p1.cfg', 'p2.cfg', 'p3.cfg', 'p4.cfg', 'pe1.cfg', 'pe2.cfg']"
COMPARE_OSPF_AREAS,Comparison_Analysis,"[정상] p4과 pe1가 참여하는 OSPF Area 목록을 각각 알려주세요. [답변 형식: 'p4: Area 0, 1, pe1: Area 0, 2']","p4: Area None, pe1: Area None",text,L3,"['leaf1.cfg', 'leaf2.cfg', 'leaf3.cfg', 'leaf4.cfg', 'p1.cfg', 'p2.cfg', 'p3.cfg', 'p4.cfg', 'pe1.cfg', 'pe2.cfg']"
COMPARE_OSPF_AREAS,Comparison_Analysis,"[정상] leaf2과 leaf3가 참여하는 OSPF Area 목록을 각각 알려주세요. [답변 형식: 'leaf2: Area 0, 1, leaf3: Area 0, 2']","leaf2: Area 없음, leaf3: Area 없음",text,L3,"['leaf1.cfg', 'leaf2.cfg', 'leaf3.cfg', 'leaf4.cfg', 'p1.cfg', 'p2.cfg', 'p3.cfg', 'p4.cfg', 'pe1.cfg', 'pe2.cfg']"
COMPARE_OSPF_AREAS,Comparison_Analysis,"[정상] leaf1과 p3가 참여하는 OSPF Area 목록을 각각 알려주세요. [답변 형식: 'leaf1: Area 0, 1, p3: Area 0, 2']","leaf1: Area 없음, p3: Area None",text,L3,"['leaf1.cfg', 'leaf2.cfg', 'leaf3.cfg', 'leaf4.cfg', 'p1.cfg', 'p2.cfg', 'p3.cfg', 'p4.cfg', 'pe1.cfg', 'pe2.cfg']"
COMPARE_OSPF_AREAS,Comparison_Analysis,"[정상] leaf1과 p4가 참여하는 OSPF Area 목록을 각각 알려주세요. [답변 형식: 'leaf1: Area 0, 1, p4: Area 0, 2']","leaf1: Area 없음, p4: Area None",text,L3,"['leaf1.cfg', 'leaf2.cfg', 'leaf3.cfg', 'leaf4.cfg', 'p1.cfg', 'p2.cfg', 'p3.cfg', 'p4.cfg', 'pe1.cfg', 'pe2.cfg']"
COMPARE_OSPF_AREAS,Comparison_Analysis,"[정상] leaf2과 leaf4가 참여하는 OSPF Area 목록을 각각 알려주세요. [답변 형식: 'leaf2: Area 0, 1, leaf4: Area 0, 2']","leaf2: Area 없음, leaf4: Area 없음",text,L3,"['leaf1.cfg', 'leaf2.cfg', 'leaf3.cfg', 'leaf4.cfg', 'p1.cfg', 'p2.cfg', 'p3.cfg', 'p4.cfg', 'pe1.cfg', 'pe2.cfg']"
COMPARE_OSPF_AREAS,Comparison_Analysis,"[정상] p1과 p2가 참여하는 OSPF Area 목록을 각각 알려주세요. [답변 형식: 'p1: Area 0, 1, p2: Area 0, 2']","p1: Area None, p2: Area None",text,L3,"['leaf1.cfg', 'leaf2.cfg', 'leaf3.cfg', 'leaf4.cfg', 'p1.cfg', 'p2.cfg', 'p3.cfg', 'p4.cfg', 'pe1.cfg', 'pe2.cfg']"
COMPARE_OSPF_AREAS,Comparison_Analysis,"[정상] leaf1과 leaf4가 참여하는 OSPF Area 목록을 각각 알려주세요. [답변 형식: 'leaf1: Area 0, 1, leaf4: Area 0, 2']","leaf1: Area 없음, leaf4: Area 없음",text,L3,"['leaf1.cfg', 'leaf2.cfg', 'leaf3.cfg', 'leaf4.cfg', 'p1.cfg', 'p2.cfg', 'p3.cfg', 'p4.cfg', 'pe1.cfg', 'pe2.cfg']"
COMPARE_OSPF_AREAS,Comparison_Analysis,"[정상] leaf3과 leaf4가 참여하는 OSPF Area 목록을 각각 알려주세요. [답변 형식: 'leaf3: Area 0, 1, leaf4: Area 0, 2']","leaf3: Area 없음, leaf4: Area 없음",text,L3,"['leaf1.cfg', 'leaf2.cfg', 'leaf3.cfg', 'leaf4.cfg', 'p1.cfg', 'p2.cfg', 'p3.cfg', 'p4.cfg', 'pe1.cfg', 'pe2.cfg']"
COMPARE_OSPF_AREAS,Comparison_Analysis,"[정상] leaf3과 pe2가 참여하는 OSPF Area 목록을 각각 알려주세요. [답변 형식: 'leaf3: Area 0, 1, pe2: Area 0, 2']","leaf3: Area 없음, pe2: Area None",text,L3,"['leaf1.cfg', 'leaf2.cfg', 'leaf3.cfg', 'leaf4.cfg', 'p1.cfg', 'p2.cfg', 'p3.cfg', 'p4.cfg', 'pe1.cfg', 'pe2.cfg']"
COMPARE_OSPF_AREAS,Comparison_Analysis,"[정상] p1과 pe2가 참여하는 OSPF Area 목록을 각각 알려주세요. [답변 형식: 'p1: Area 0, 1, pe2: Area 0, 2']","p1: Area None, pe2: Area None",text,L3,"['leaf1.cfg', 'leaf2.cfg', 'leaf3.cfg', 'leaf4.cfg', 'p1.cfg', 'p2.cfg', 'p3.cfg', 'p4.cfg', 'pe1.cfg', 'pe2.cfg']"
COMPARE_OSPF_AREAS,Comparison_Analysis,"[정상] leaf4과 p1가 참여하는 OSPF Area 목록을 각각 알려주세요. [답변 형식: 'leaf4: Area 0, 1, p1: Area 0, 2']","leaf4: Area 없음, p1: Area None",text,L3,"['leaf1.cfg', 'leaf2.cfg', 'leaf3.cfg', 'leaf4.cfg', 'p1.cfg', 'p2.cfg', 'p3.cfg', 'p4.cfg', 'pe1.cfg', 'pe2.cfg']"
COMPARE_OSPF_AREAS,Comparison_Analysis,"[정상] leaf3과 pe1가 참여하는 OSPF Area 목록을 각각 알려주세요. [답변 형식: 'leaf3: Area 0, 1, pe1: Area 0, 2']","leaf3: Area 없음, pe1: Area None",text,L3,"['leaf1.cfg', 'leaf2.cfg', 'leaf3.cfg', 'leaf4.cfg', 'p1.cfg', 'p2.cfg', 'p3.cfg', 'p4.cfg', 'pe1.cfg', 'pe2.cfg']"
COMPARE_OSPF_AREAS,Comparison_Analysis,"[정상] leaf4과 pe1가 참여하는 OSPF Area 목록을 각각 알려주세요. [답변 형식: 'leaf4: Area 0, 1, pe1: Area 0, 2']","leaf4: Area 없음, pe1: Area None",text,L3,"['leaf1.cfg', 'leaf2.cfg', 'leaf3.cfg', 'leaf4.cfg', 'p1.cfg', 'p2.cfg', 'p3.cfg', 'p4.cfg', 'pe1.cfg', 'pe2.cfg']"
COMPARE_OSPF_AREAS,Comparison_Analysis,"[정상] leaf2과 p1가 참여하는 OSPF Area 목록을 각각 알려주세요. [답변 형식: 'leaf2: Area 0, 1, p1: Area 0, 2']","leaf2: Area 없음, p1: Area None",text,L3,"['leaf1.cfg', 'leaf2.cfg', 'leaf3.cfg', 'leaf4.cfg', 'p1.cfg', 'p2.cfg', 'p3.cfg', 'p4.cfg', 'pe1.cfg', 'pe2.cfg']"
COMPARE_OSPF_AREAS,Comparison_Analysis,"[정상] p2과 p3가 참여하는 OSPF Area 목록을 각각 알려주세요. [답변 형식: 'p2: Area 0, 1, p3: Area 0, 2']","p2: Area None, p3: Area None",text,L3,"['leaf1.cfg', 'leaf2.cfg', 'leaf3.cfg', 'leaf4.cfg', 'p1.cfg', 'p2.cfg', 'p3.cfg', 'p4.cfg', 'pe1.cfg', 'pe2.cfg']"
COMPARE_OSPF_AREAS,Comparison_Analysis,"[정상] p4과 pe2가 참여하는 OSPF Area 목록을 각각 알려주세요. [답변 형식: 'p4: Area 0, 1, pe2: Area 0, 2']","p4: Area None, pe2: Area None",text,L3,"['leaf1.cfg', 'leaf2.cfg', 'leaf3.cfg', 'leaf4.cfg', 'p1.cfg', 'p2.cfg', 'p3.cfg', 'p4.cfg', 'pe1.cfg', 'pe2.cfg']"
COMPARE_OSPF_AREAS,Comparison_Analysis,"[정상] leaf2과 p4가 참여하는 OSPF Area 목록을 각각 알려주세요. [답변 형식: 'leaf2: Area 0, 1, p4: Area 0, 2']","leaf2: Area 없음, p4: Area None",text,L3,"['leaf1.cfg', 'leaf2.cfg', 'leaf3.cfg', 'leaf4.cfg', 'p1.cfg', 'p2.cfg', 'p3.cfg', 'p4.cfg', 'pe1.cfg', 'pe2.cfg']"
COMPARE_OSPF_AREAS,Comparison_Analysis,"[정상] leaf4과 p2가 참여하는 OSPF Area 목록을 각각 알려주세요. [답변 형식: 'leaf4: Area 0, 1, p2: Area 0, 2']","leaf4: Area 없음, p2: Area None",text,L3,"['leaf1.cfg', 'leaf2.cfg', 'leaf3.cfg', 'leaf4.cfg', 'p1.cfg', 'p2.cfg', 'p3.cfg', 'p4.cfg', 'pe1.cfg', 'pe2.cfg']"
COMPARE_OSPF_AREAS,Comparison_Analysis,"[정상] leaf3과 p1가 참여하는 OSPF Area 목록을 각각 알려주세요. [답변 형식: 'leaf3: Area 0, 1, p1: Area 0, 2']","leaf3: Area 없음, p1: Area None",text,L3,"['leaf1.cfg', 'leaf2.cfg', 'leaf3.cfg', 'leaf4.cfg', 'p1.cfg', 'p2.cfg', 'p3.cfg', 'p4.cfg', 'pe1.cfg', 'pe2.cfg']"
COMPARE_OSPF_AREAS,Comparison_Analysis,"[정상] p2과 pe2가 참여하는 OSPF Area 목록을 각각 알려주세요. [답변 형식: 'p2: Area 0, 1, pe2: Area 0, 2']","p2: Area None, pe2: Area None",text,L3,"['leaf1.cfg', 'leaf2.cfg', 'leaf3.cfg', 'leaf4.cfg', 'p1.cfg', 'p2.cfg', 'p3.cfg', 'p4.cfg', 'pe1.cfg', 'pe2.cfg']"
COMPARE_OSPF_AREAS,Comparison_Analysis,"[정상] leaf4과 p3가 참여하는 OSPF Area 목록을 각각 알려주세요. [답변 형식: 'leaf4: Area 0, 1, p3: Area 0, 2']","leaf4: Area 없음, p3: Area None",text,L3,"['leaf1.cfg', 'leaf2.cfg', 'leaf3.cfg', 'leaf4.cfg', 'p1.cfg', 'p2.cfg', 'p3.cfg', 'p4.cfg', 'pe1.cfg', 'pe2.cfg']"
COMPARE_OSPF_AREAS,Comparison_Analysis,"[정상] p1과 pe1가 참여하는 OSPF Area 목록을 각각 알려주세요. [답변 형식: 'p1: Area 0, 1, pe1: Area 0, 2']","p1: Area None, pe1: Area None",text,L3,"['leaf1.cfg', 'leaf2.cfg', 'leaf3.cfg', 'leaf4.cfg', 'p1.cfg', 'p2.cfg', 'p3.cfg', 'p4.cfg', 'pe1.cfg', 'pe2.cfg']"
COMPARE_OSPF_AREAS,Comparison_Analysis,"[정상] pe1과 pe2가 참여하는 OSPF Area 목록을 각각 알려주세요. [답변 형식: 'pe1: Area 0, 1, pe2: Area 0, 2']","pe1: Area None, pe2: Area None",text,L3,"['leaf1.cfg', 'leaf2.cfg', 'leaf3.cfg', 'leaf4.cfg', 'p1.cfg', 'p2.cfg', 'p3.cfg', 'p4.cfg', 'pe1.cfg', 'pe2.cfg']"
COMPARE_OSPF_AREAS,Comparison_Analysis,"[정상] leaf1과 pe1가 참여하는 OSPF Area 목록을 각각 알려주세요. [답변 형식: 'leaf1: Area 0, 1, pe1: Area 0, 2']","leaf1: Area 없음, pe1: Area None",text,L3,"['leaf1.cfg', 'leaf2.cfg', 'leaf3.cfg', 'leaf4.cfg', 'p1.cfg', 'p2.cfg', 'p3.cfg', 'p4.cfg', 'pe1.cfg', 'pe2.cfg']"
COMPARE_OSPF_AREAS,Comparison_Analysis,"[정상] leaf1과 leaf2가 참여하는 OSPF Area 목록을 각각 알려주세요. [답변 형식: 'leaf1: Area 0, 1, leaf2: Area 0, 2']","leaf1: Area 없음, leaf2: Area 없음",text,L3,"['leaf1.cfg', 'leaf2.cfg', 'leaf3.cfg', 'leaf4.cfg', 'p1.cfg', 'p2.cfg', 'p3.cfg', 'p4.cfg', 'pe1.cfg', 'pe2.cfg']"
COMPARE_OSPF_AREAS,Comparison_Analysis,"[정상] leaf3과 p4가 참여하는 OSPF Area 목록을 각각 알려주세요. [답변 형식: 'leaf3: Area 0, 1, p4: Area 0, 2']","leaf3: Area 없음, p4: Area None",text,L3,"['leaf1.cfg', 'leaf2.cfg', 'leaf3.cfg', 'leaf4.cfg', 'p1.cfg', 'p2.cfg', 'p3.cfg', 'p4.cfg', 'pe1.cfg', 'pe2.cfg']"
MAX_INTERFACE_DEVICE,Comparison_Analysis,[정상] 인터페이스 수가 가장 많은 장비와 그 개수를 알려주세요. [답변 형식: '장비명: N개'],p1: 5개,text,L3,"['leaf1.cfg', 'leaf2.cfg', 'leaf3.cfg', 'leaf4.cfg', 'p1.cfg', 'p2.cfg', 'p3.cfg', 'p4.cfg', 'pe1.cfg', 'pe2.cfg']"
MAX_BGP_PEER_DEVICE,Comparison_Analysis,[정상] BGP 피어가 가장 많은 장비와 그 개수를 알려주세요. [답변 형식: '장비명: N개'],pe1: 1개,text,L3,"['leaf1.cfg', 'leaf2.cfg', 'leaf3.cfg', 'leaf4.cfg', 'p1.cfg', 'p2.cfg', 'p3.cfg', 'p4.cfg', 'pe1.cfg', 'pe2.cfg']"
ALL_DEVICES_SAME_AS,Comparison_Analysis,"[정상] 모든 장비의 BGP AS 번호를 나열해주세요. [답변 형식: '장비1: AS X, 장비2: AS Y, 장비3: AS Z']","pe1: AS 65000, pe2: AS 65000",text,L3,"['leaf1.cfg', 'leaf2.cfg', 'leaf3.cfg', 'leaf4.cfg', 'p1.cfg', 'p2.cfg', 'p3.cfg', 'p4.cfg', 'pe1.cfg', 'pe2.cfg']"
MIN_INTERFACE_DEVICE,Comparison_Analysis,[정상] 인터페이스 수가 가장 적은 장비와 그 개수를 알려주세요. [답변 형식: '장비명: N개'],leaf1: 4개,text,L3,"['leaf1.cfg', 'leaf2.cfg', 'leaf3.cfg', 'leaf4.cfg', 'p1.cfg', 'p2.cfg', 'p3.cfg', 'p4.cfg', 'pe1.cfg', 'pe2.cfg']"
BGP_AS_DISTRIBUTION,Comparison_Analysis,"[정상] 각 AS별 장비 수 분포를 알려주세요. [답변 형식: 'AS X: N대, AS Y: M대']",AS 65000: 2대,text,L3,"['leaf1.cfg', 'leaf2.cfg', 'leaf3.cfg', 'leaf4.cfg', 'p1.cfg', 'p2.cfg', 'p3.cfg', 'p4.cfg', 'pe1.cfg', 'pe2.cfg']"
VRF_USAGE_STATISTICS,Comparison_Analysis,"[정상] 각 장비별 VRF 사용 수 통계를 알려주세요. [답변 형식: '장비1: N개, 장비2: M개']","pe1: 6개, pe2: 6개",text,L3,"['leaf1.cfg', 'leaf2.cfg', 'leaf3.cfg', 'leaf4.cfg', 'p1.cfg', 'p2.cfg', 'p3.cfg', 'p4.cfg', 'pe1.cfg', 'pe2.cfg']"
