#,qa_id,level,metric,answer_type,question,dataset_answer,files_to_check,my_answer,verdict,disagree_type,memo
1,BGP_LOCAL_AS_NUMERIC_leaf4,L1,bgp_local_as_numeric,number,leaf4 장비의 BGP Local-AS 번호는 무엇입니까? [답변 형식: 숫자],0,,,,,
2,BGP_NEIGHBOR_COUNT_leaf7,L1,bgp_neighbor_count,number,leaf7 장비의 BGP 피어(이웃)는 총 몇 개입니까? [답변 형식: 숫자],0,,,,,
3,INTERFACE_STATUS_MAP_leaf4,L1,interface_status_map,map,leaf4 장비의 각 인터페이스 상태를 알려주세요. [답변 형식: {{'인터페이스명': '상태'}}],"{""GigabitEthernet0/0"": ""up"", ""GigabitEthernet0/7"": ""up""}",,,,,
4,NEIGHBOR_LIST_IBGP_p8,L1,neighbor_list_ibgp,set,p8 장비와 iBGP로 연결된 피어들의 IP 주소 목록을 알려주세요. [답변 형식: 리스트],[],,,,,
5,SNMP_COMMUNITY_LIST_leaf3,L1,snmp_community_list,set,leaf3 장비에 설정된 SNMP 커뮤니티 목록을 알려주세요. [답변 형식: 리스트],[],,,,,
6,SUBINTERFACE_COUNT_p10,L1,subinterface_count,number,p10 장비에 설정된 서브인터페이스는 총 몇 개입니까? [답변 형식: 숫자],0,,,,,
7,AAA_ENABLED_DEVICES,L2,aaa_enabled_devices,set,AAA 기능이 활성화된 장비 목록을 알려주세요. [답변 형식: 리스트],"[""asbr1"", ""asbr2"", ""pe1"", ""pe2"", ""pe3"", ""pe4"", ""pe5"", ""pe6""]",,,,,
8,AAA_MISSING_DEVICES,L2,aaa_missing_devices,set,AAA 기능이 비활성화된 장비 목록을 알려주세요. [답변 형식: 리스트],"[""leaf1"", ""leaf10"", ""leaf11"", ""leaf12"", ""leaf2"", ""leaf3"", ""leaf4"", ""leaf5"", ""leaf6"", ""leaf7"", ""leaf8"", ""leaf9"", ""p1"", ""p10"", ""p2"", ""p3"", ""p4"", ""p5"", ""p6"", ""p7"", ""p8"", ""p9""]",,,,,
9,DEVICES_WITH_SAME_VRF_VRF_RND,L2,devices_with_same_vrf,set,VRF_RND VRF를 사용하는 장비 목록을 알려주세요. [답변 형식: 리스트],"[""pe1"", ""pe2"", ""pe3"", ""pe4""]",,,,,
10,L2VPN_PAIRS,L2,l2vpn_pairs,set,"구성된 L2VPN pseudowire 회선(장비쌍) 목록을 알려주세요. [답변 형식: ['A<->B', ...]]",[],,,,,
11,OSPF_AREA0_IF_COUNT_p8,L2,ospf_area0_if_count,number,p8 장비의 OSPF Area 0에 연결된 인터페이스는 총 몇 개입니까? [답변 형식: 숫자],4,,,,,
12,OSPF_AREA_MEMBERSHIP_1,L2,ospf_area_membership,set,OSPF Area 1에 속한 장비 목록을 알려주세요. [답변 형식: 리스트],"[""asbr1"", ""asbr2"", ""p10"", ""p9"", ""pe5"", ""pe6""]",,,,,
13,OSPF_NEIGHBOR_COUNT_PER_AREA_1,L2,ospf_neighbor_count_per_area,number,OSPF Area 1의 이웃 관계는 총 몇 개입니까? [답변 형식: 숫자],0,,,,,
14,SSH_ENABLED_DEVICES,L2,ssh_enabled_devices,set,SSH 접속이 가능한 장비 목록을 알려주세요. [답변 형식: 리스트],"[""asbr1"", ""asbr2"", ""leaf1"", ""leaf10"", ""leaf11"", ""leaf12"", ""leaf2"", ""leaf3"", ""leaf4"", ""leaf5"", ""leaf6"", ""leaf7"", ""leaf8"", ""leaf9"", ""p1"", ""p10"", ""p2"", ""p3"", ""p4"", ""p5"", ""p6"", ""p7"", ""p8"", ""p9"", ""pe1"", ""pe2"", ""pe3"", ""pe4"", ""pe5"", ""pe6""]",,,,,
15,SSH_MISSING_COUNT,L2,ssh_missing_count,number,SSH 접속이 불가능한 장비는 총 몇 대입니까? [답변 형식: 숫자],0,,,,,
16,SSH_MISSING_DEVICES,L2,ssh_missing_devices,set,SSH 접속이 불가능한 장비 목록을 알려주세요. [답변 형식: 리스트],[],,,,,
17,ALL_DEVICES_SAME_AS,L3,all_devices_same_as,text,"모든 장비의 BGP AS 번호를 나열해주세요. BGP가 미설정된 장비는 'AS None'으로 표시하세요. [답변 형식: '장비1: AS X, 장비2: AS None, ...']","""asbr1: AS 65001, asbr2: AS 65001, leaf1: AS N/A, leaf10: AS N/A, leaf11: AS N/A, leaf12: AS N/A, leaf2: AS N/A, leaf3: AS N/A, leaf4: AS N/A, leaf5: AS N/A, leaf6: AS N/A, leaf7: AS N/A, leaf8: AS N/A, leaf9: AS N/A, p1: AS N/A, p10: AS N/A, p2: AS N/A, p3: AS N/A, p4: AS N/A, p5: AS N/A, p6: AS N/A, p7: AS 65000, p8: AS 65000, p9: AS N/A, pe1: AS 65000, pe2: AS 65000, pe3: AS 65000, pe4: AS 65000, pe5: AS 65001, pe6: AS 65001""",,,,,
18,BGP_AS_DISTRIBUTION,L3,bgp_as_distribution,text,"각 AS별 장비 수 분포를 알려주세요. [답변 형식: 'AS X: N대, AS Y: M대']","""AS 65000: 6 devices, AS 65001: 4 devices""",,,,,
19,COMPARE_BGP_AS_leaf7_p7,L3,compare_bgp_as,text,"leaf7과 p7의 BGP Local AS 번호를 각각 알려주세요. [답변 형식: 'leaf7: AS X, p7: AS Y']","""leaf7: AS N/A, p7: AS 65000""",,,,,
20,COMPARE_BGP_NEIGHBOR_COUNT_p1_p4,L3,compare_bgp_neighbor_count,map_str_int,"p1과 p4의 BGP 피어 수를 비교하세요. [답변 형식: JSON {{""host1_count"": <int>, ""host2_count"": <int>, ""difference"": <int>}}]","{""difference"": 0, ""host1_count"": 0, ""host2_count"": 0}",,,,,
21,COMPARE_INTERFACE_COUNT_leaf5_pe3,L3,compare_interface_count,map_str_int,"leaf5와 pe3의 인터페이스 수를 비교하세요. [답변 형식: JSON {{""host1_count"": <int>, ""host2_count"": <int>, ""difference"": <int>}}]","{""difference"": 4, ""host1_count"": 2, ""host2_count"": 6}",,,,,
22,COMPARE_OSPF_AREAS_leaf7_p5,L3,compare_ospf_areas,text,"leaf7과 p5가 참여하는 OSPF Area 목록을 각각 알려주세요. [답변 형식: 'leaf7: Area 0, 1, p5: Area 0, 2']","""leaf7: Area None, p5: Area 0""",,,,,
23,COMPARE_VRF_COUNT_leaf8_p9,L3,compare_vrf_count,map_str_int,"leaf8과 p9의 VRF 수를 비교하세요. [답변 형식: JSON {{""host1_count"": <int>, ""host2_count"": <int>, ""difference"": <int>}}]","{""difference"": 0, ""host1_count"": 0, ""host2_count"": 0}",,,,,
24,IBGP_MISSING_PAIRS_65000,L3,ibgp_missing_pairs,set,AS 65000의 iBGP Full-Mesh에서 누락된 장비쌍 목록을 알려주세요. [답변 형식: 리스트],"[""p7<->p8"", ""p7<->pe1"", ""p7<->pe2"", ""p7<->pe3"", ""p7<->pe4"", ""p8<->pe1"", ""p8<->pe2"", ""p8<->pe3"", ""p8<->pe4"", ""pe1<->pe4"", ""pe2<->pe3""]",,,,,
25,IBGP_MISSING_PAIRS_65001,L3,ibgp_missing_pairs,set,AS 65001의 iBGP Full-Mesh에서 누락된 장비쌍 목록을 알려주세요. [답변 형식: 리스트],[],,,,,
26,IBGP_MISSING_PAIRS_COUNT_65000,L3,ibgp_missing_pairs_count,number,AS 65000의 iBGP Full-Mesh에서 누락된 링크는 총 몇 개입니까? [답변 형식: 숫자],11,,,,,
27,IBGP_MISSING_PAIRS_COUNT_65001,L3,ibgp_missing_pairs_count,number,AS 65001의 iBGP Full-Mesh에서 누락된 링크는 총 몇 개입니까? [답변 형식: 숫자],0,,,,,
28,IBGP_UNDER_PEERED_COUNT_65000,L3,ibgp_under_peered_count,number,AS 65000에서 iBGP 피어 수가 부족한 장비는 총 몇 대입니까? [답변 형식: 숫자],6,,,,,
29,IBGP_UNDER_PEERED_COUNT_65001,L3,ibgp_under_peered_count,number,AS 65001에서 iBGP 피어 수가 부족한 장비는 총 몇 대입니까? [답변 형식: 숫자],0,,,,,
30,IBGP_UNDER_PEERED_DEVICES_65000,L3,ibgp_under_peered_devices,set,AS 65000에서 iBGP 피어 수가 부족한 장비 목록을 알려주세요. [답변 형식: 리스트],"[""p7"", ""p8"", ""pe1"", ""pe2"", ""pe3"", ""pe4""]",,,,,
31,IBGP_UNDER_PEERED_DEVICES_65001,L3,ibgp_under_peered_devices,set,AS 65001에서 iBGP 피어 수가 부족한 장비 목록을 알려주세요. [답변 형식: 리스트],[],,,,,
32,L2VPN_MISMATCH_COUNT,L3,l2vpn_mismatch_count,number,PW-ID 불일치 또는 단방향 L2VPN 회선은 총 몇 개입니까? [답변 형식: 숫자],0,,,,,
33,L2VPN_PWID_MISMATCH_PAIRS,L3,l2vpn_pwid_mismatch_pairs,set,PW-ID가 불일치하는 L2VPN 회선(장비쌍) 목록을 알려주세요. [답변 형식: 리스트],[],,,,,
34,L2VPN_UNIDIRECTIONAL_PAIRS,L3,l2vpn_unidirectional_pairs,set,단방향으로만 설정된 L2VPN 회선(장비쌍) 목록을 알려주세요. [답변 형식: 리스트],[],,,,,
35,L2VPN_UNIDIR_COUNT,L3,l2vpn_unidir_count,number,단방향으로만 설정된 L2VPN 회선은 총 몇 개입니까? [답변 형식: 숫자],0,,,,,
36,MAX_BGP_PEER_DEVICE,L3,max_bgp_peer_device,text,BGP 피어가 가장 많은 장비와 그 개수를 알려주세요. [답변 형식: '장비명: N개'],"""asbr1: 4""",,,,,
37,MAX_INTERFACE_DEVICE,L3,max_interface_device,text,인터페이스 수가 가장 많은 장비와 그 개수를 알려주세요. [답변 형식: '장비명: N개'],"""pe6: 8""",,,,,
38,MIN_INTERFACE_DEVICE,L3,min_interface_device,text,인터페이스 수가 가장 적은 장비와 그 개수를 알려주세요. [답변 형식: '장비명: N개'],"""leaf1: 2""",,,,,
39,VRF_RT_LIST_PER_DEVICE_asbr2,L3,vrf_rt_list_per_device,set,asbr2 장비에 설정된 route-target(중복 제거) 전체 목록을 알려주세요. [답변 형식: 리스트],[],,,,,
40,VRF_RT_LIST_PER_DEVICE_pe5,L3,vrf_rt_list_per_device,set,pe5 장비에 설정된 route-target(중복 제거) 전체 목록을 알려주세요. [답변 형식: 리스트],"[""65001:400"", ""65001:500""]",,,,,
41,VRF_USAGE_STATISTICS,L3,vrf_usage_statistics,text,"VRF 사용중인 장비 중에서 각 장비별 VRF 사용 수를 알려주세요. [답변 형식: '장비1: N개, 장비2: M개']","""asbr1: 0, asbr2: 0, leaf1: 0, leaf10: 0, leaf11: 0, leaf12: 0, leaf2: 0, leaf3: 0, leaf4: 0, leaf5: 0, leaf6: 0, leaf7: 0, leaf8: 0, leaf9: 0, p1: 0, p10: 0, p2: 0, p3: 0, p4: 0, p5: 0, p6: 0, p7: 0, p8: 0, p9: 0, pe1: 3, pe2: 3, pe3: 3, pe4: 3, pe5: 2, pe6: 2""",,,,,
42,VRF_WITHOUT_RT_COUNT,L3,vrf_without_rt_count,number,route-target이 없는 VRF(장비/VRF)는 총 몇 개입니까? [답변 형식: 숫자],0,,,,,
43,VRF_WITHOUT_RT_PAIRS,L3,vrf_without_rt_pairs,set,route-target이 없는 VRF(장비/VRF) 목록을 알려주세요. [답변 형식: 리스트],[],,,,,
